student_id,name,term,program,year,cgpa,backlogs,attendance,lms,engagement,aptitude,coding,interview,placement_readiness,updated_at
STU-0001,Aarav Iyer,2024 · Term 1,Civil Engineering,1,6.41,0,87.2025,61.210625,51.743125,41.18625,84.77,88.01875,71.3,2025-08-04
STU-0001,Aarav Iyer,2024 · Term 2,Civil Engineering,1,6.24,0,86.4675,60.536875,51.314375,40.32875,83.78999999999999,87.40625,70.5,2025-08-04
STU-0001,Aarav Iyer,2025 · Term 1,Civil Engineering,1,6.07,1,85.73249999999999,59.863125000000004,50.885625000000005,39.47125,82.81,86.79374999999999,69.7,2025-08-04
STU-0001,Aarav Iyer,2025 · Term 2,Civil Engineering,1,5.9,2,84.99749999999999,59.189375000000005,50.456875000000004,38.613749999999996,81.83,86.18124999999999,68.9,2025-08-04
STU-0002,Mira Iyer,2024 · Term 1,Business Analytics,1,8.55,0,29.317,62.557249999999996,62.81825,48.0365,66.156,61.997499999999995,58.7,2025-08-23
STU-0002,Mira Iyer,2024 · Term 2,Business Analytics,1,8.81,0,30.439,63.58575,63.47275,49.3455,67.652,62.9325,60,2025-08-23
STU-0002,Mira Iyer,2025 · Term 1,Business Analytics,1,9.07,1,31.561,64.61425,64.12725,50.6545,69.14800000000001,63.8675,61.2,2025-08-23
STU-0002,Mira Iyer,2025 · Term 2,Business Analytics,1,9.34,0,32.683,65.64274999999999,64.78175,51.9635,70.644,64.8025,62.5,2025-08-23
STU-0003,Maya Iyer,2024 · Term 1,Mechanical,1,7.24,0,76.7315,56.028875,62.918375,84.93675,48.942,84.32625,72.7,2025-08-14
STU-0003,Maya Iyer,2024 · Term 2,Mechanical,1,7.23,0,76.7105,56.009625,62.906124999999996,84.91225,48.914,84.30875,72.7,2025-08-14
STU-0003,Maya Iyer,2025 · Term 1,Mechanical,1,7.23,0,76.68950000000001,55.990375,62.893875,84.88775000000001,48.885999999999996,84.29124999999999,72.7,2025-08-14
STU-0003,Maya Iyer,2025 · Term 2,Mechanical,1,7.22,0,76.66850000000001,55.971125,62.881625,84.86325000000001,48.858,84.27374999999999,72.7,2025-08-14
STU-0004,Dev Iyer,2024 · Term 1,Electronics,1,5.92,2,81.746,42.1005,88.2185,83.43700000000001,70.72800000000001,58.055,70.7,2025-08-05
STU-0004,Dev Iyer,2024 · Term 2,Electronics,1,5.65,0,80.582,41.0335,87.5395,82.07900000000001,69.176,57.085,69.4,2025-08-05
STU-0004,Dev Iyer,2025 · Term 1,Electronics,1,5.38,1,79.418,39.9665,86.8605,80.721,67.62400000000001,56.115,68.2,2025-08-05
STU-0004,Dev Iyer,2025 · Term 2,Electronics,1,5.11,2,78.254,38.8995,86.1815,79.363,66.072,55.145,66.9,2025-08-05
STU-0005,Sara Iyer,2024 · Term 1,Information Technology,1,8.06,0,39.4605,95.64712499999999,91.293625,62.28725,77.51400000000001,37.433749999999996,59.1,2025-08-24
STU-0005,Sara Iyer,2024 · Term 2,Information Technology,1,8.22,0,40.1535,96.28237499999999,91.69787500000001,63.09575,78.438,38.01125,59.8,2025-08-24
STU-0005,Sara Iyer,2025 · Term 1,Information Technology,1,8.38,0,40.8465,96.917625,92.102125,63.90425,79.36200000000001,38.58875,60.6,2025-08-24
STU-0005,Sara Iyer,2025 · Term 2,Information Technology,1,8.54,0,41.5395,97.552875,92.506375,64.71275,80.286,39.16625,61.4,2025-08-24
STU-0006,Aditi Iyer,2024 · Term 1,Computer Science,1,6.74,0,83.675,76.71875,60.59375,79.38749999999999,86.10000000000001,58.3625,74.6,2025-08-15
STU-0006,Aditi Iyer,2024 · Term 2,Computer Science,1,6.64,0,83.225,76.30624999999999,60.331250000000004,78.8625,85.5,57.9875,74.1,2025-08-15
STU-0006,Aditi Iyer,2025 · Term 1,Computer Science,1,6.53,0,82.775,75.89375,60.06875,78.33749999999999,84.9,57.6125,73.6,2025-08-15
STU-0006,Aditi Iyer,2025 · Term 2,Computer Science,1,6.43,0,82.325,75.48124999999999,59.806250000000006,77.8125,84.3,57.2375,73.1,2025-08-15
STU-0007,Nikhil Iyer,2024 · Term 1,Civil Engineering,1,8.88,0,56.189499999999995,78.665375,80.268875,89.63775,56.686,87.14125,77.8,2025-08-06
STU-0007,Nikhil Iyer,2024 · Term 2,Civil Engineering,1,9.21,0,57.5965,79.955125,81.089625,91.27924999999999,58.562,88.31375,79.4,2025-08-06
STU-0007,Nikhil Iyer,2025 · Term 1,Civil Engineering,1,9.53,0,59.003499999999995,81.244875,81.910375,92.92075,60.438,89.48625000000001,80.9,2025-08-06
STU-0007,Nikhil Iyer,2025 · Term 2,Civil Engineering,1,9.86,0,60.4105,82.53462499999999,82.731125,94.56224999999999,62.314,90.65875000000001,82.5,2025-08-06
STU-0008,Naina Iyer,2024 · Term 1,Business Analytics,1,7.56,0,33.604,48.937,46.568999999999996,85.738,55.872,92.27,78,2025-08-25
STU-0008,Naina Iyer,2024 · Term 2,Business Analytics,1,7.63,0,33.868,49.178999999999995,46.723,86.046,56.224,92.49,78.3,2025-08-25
STU-0008,Naina Iyer,2025 · Term 1,Business Analytics,1,7.69,0,34.132,49.421,46.876999999999995,86.354,56.576,92.71,78.5,2025-08-25
STU-0008,Naina Iyer,2025 · Term 2,Business Analytics,1,7.75,0,34.396,49.663,47.031,86.662,56.928,92.92999999999999,78.8,2025-08-25
STU-0009,Diya Iyer,2024 · Term 1,Mechanical,1,6.25,0,68.6185,68.008625,51.069125,57.43825,94.258,54.99875,68.9,2025-08-16
STU-0009,Diya Iyer,2024 · Term 2,Mechanical,1,6.04,1,67.73949999999999,67.20287499999999,50.556374999999996,56.412749999999996,93.086,54.26625,67.9,2025-08-16
STU-0009,Diya Iyer,2025 · Term 1,Mechanical,1,5.84,2,66.8605,66.397125,50.043625,55.38725,91.914,53.53375,66.9,2025-08-16
STU-0009,Diya Iyer,2025 · Term 2,Mechanical,1,5.63,0,65.9815,65.591375,49.530874999999995,54.36175,90.742,52.801249999999996,66,2025-08-16
STU-0010,Vihaan Iyer,2024 · Term 1,Civil Engineering,1,6.21,0,95.6635,78.049875,37.695375,91.69075,94.118,66.43625,84.1,2025-08-18
STU-0010,Vihaan Iyer,2024 · Term 2,Civil Engineering,1,6,0,94.7545,77.216625,37.165124999999996,90.63024999999999,92.90599999999999,65.67875,83.1,2025-08-18
STU-0010,Vihaan Iyer,2025 · Term 1,Civil Engineering,1,5.79,1,93.8455,76.383375,36.634875,89.56975,91.694,64.92125,82.1,2025-08-18
STU-0010,Vihaan Iyer,2025 · Term 2,Civil Engineering,1,5.58,2,92.9365,75.550125,36.104625,88.50925,90.482,64.16375,81.1,2025-08-18
STU-0011,Akash Iyer,2024 · Term 1,Computer Science,1,7.53,0,90.049,79.57825000000001,77.79525,73.5905,52.732,38.5075,54.9,2025-08-27
STU-0011,Akash Iyer,2024 · Term 2,Computer Science,1,7.58,0,90.283,79.79275000000001,77.93175,73.8635,53.044000000000004,38.7025,55.2,2025-08-27
STU-0011,Akash Iyer,2025 · Term 1,Computer Science,1,7.64,0,90.51700000000001,80.00725,78.06825,74.1365,53.356,38.897499999999994,55.5,2025-08-27
STU-0011,Akash Iyer,2025 · Term 2,Computer Science,1,7.69,0,90.751,80.22175,78.20475,74.4095,53.668000000000006,39.092499999999994,55.7,2025-08-27
STU-0012,Neha Iyer,2024 · Term 1,Information Technology,1,8.84,0,78.2345,93.106625,74.695125,68.29025,56.346000000000004,79.17875000000001,67.9,2025-08-08
STU-0012,Neha Iyer,2024 · Term 2,Information Technology,1,9.16,0,79.61149999999999,94.368875,75.49837500000001,69.89675,58.182,80.32625,69.5,2025-08-08
STU-0012,Neha Iyer,2025 · Term 1,Information Technology,1,9.49,0,80.9885,95.631125,76.301625,71.50325000000001,60.018,81.47375000000001,71,2025-08-08
STU-0012,Neha Iyer,2025 · Term 2,Information Technology,1,9.81,0,82.3655,96.893375,77.104875,73.10975,61.854,82.62125,72.5,2025-08-08
STU-0013,Reyansh Iyer,2024 · Term 1,Electronics,1,6.71,0,83.32,43.959999999999994,72.02,73.04,82.55999999999999,36,63.9,2025-08-17
STU-0013,Reyansh Iyer,2024 · Term 2,Electronics,1,6.6,0,82.83999999999999,43.519999999999996,71.74,72.48,81.91999999999999,35.6,63.3,2025-08-17
STU-0013,Reyansh Iyer,2025 · Term 1,Electronics,1,6.48,0,82.36,43.08,71.46,71.92,81.28,35.199999999999996,62.8,2025-08-17
STU-0013,Reyansh Iyer,2025 · Term 2,Electronics,1,6.37,0,81.88,42.64,71.17999999999999,71.36,80.64,34.8,62.3,2025-08-17
STU-0014,Ishaan Iyer,2024 · Term 1,Information Technology,1,7.86,0,90.7215,79.48637500000001,51.045875,68.39175,49.062,57.45125,58.3,2025-08-10
STU-0014,Ishaan Iyer,2024 · Term 2,Information Technology,1,7.98,0,91.2405,79.962125,51.348625,68.99725,49.754000000000005,57.88375,58.9,2025-08-10
STU-0014,Ishaan Iyer,2025 · Term 1,Information Technology,1,8.1,0,91.7595,80.437875,51.651375,69.60275,50.446,58.316250000000004,59.5,2025-08-10
STU-0014,Ishaan Iyer,2025 · Term 2,Information Technology,1,8.22,0,92.2785,80.913625,51.954125,70.20824999999999,51.138000000000005,58.74875,60,2025-08-10
STU-0015,Zoya Iyer,2024 · Term 1,Electronics,1,5.72,2,57.806999999999995,90.33975,86.57075,37.9415,47.476,90.6725,58.7,2025-08-19
STU-0015,Zoya Iyer,2024 · Term 2,Electronics,1,5.41,0,56.468999999999994,89.11325,85.79025,36.3805,45.692,89.5575,57.2,2025-08-19
STU-0015,Zoya Iyer,2025 · Term 1,Electronics,1,5.1,1,55.131,87.88675,85.00975000000001,34.819500000000005,43.907999999999994,88.4425,55.7,2025-08-19
STU-0015,Zoya Iyer,2025 · Term 2,Electronics,1,4.78,2,53.793,86.66025,84.22925000000001,33.258500000000005,42.123999999999995,87.3275,54.2,2025-08-19
STU-0016,Amara Iyer,2024 · Term 1,Mechanical,1,7.04,0,49.9925,89.668125,51.870625000000004,75.64125,89.89,38.94375,68.2,2025-08-28
STU-0016,Amara Iyer,2024 · Term 2,Mechanical,1,6.99,0,49.7975,89.48937500000001,51.756875,75.41375,89.63,38.78125,67.9,2025-08-28
STU-0016,Amara Iyer,2025 · Term 1,Mechanical,1,6.94,0,49.602500000000006,89.310625,51.643125000000005,75.18625,89.37,38.618750000000006,67.7,2025-08-28
STU-0016,Amara Iyer,2025 · Term 2,Mechanical,1,6.9,0,49.407500000000006,89.13187500000001,51.529375,74.95875,89.11,38.456250000000004,67.5,2025-08-28
STU-0017,Pranav Iyer,2024 · Term 1,Business Analytics,1,8.35,0,72.378,67.7965,55.3705,43.741,59.704,64.215,55.9,2025-08-09
STU-0017,Pranav Iyer,2024 · Term 2,Business Analytics,1,8.57,0,73.326,68.6655,55.923500000000004,44.847,60.968,65.00500000000001,56.9,2025-08-09
STU-0017,Pranav Iyer,2025 · Term 1,Business Analytics,1,8.79,0,74.274,69.5345,56.4765,45.952999999999996,62.232,65.795,58,2025-08-09
STU-0017,Pranav Iyer,2025 · Term 2,Business Analytics,1,9.01,0,75.222,70.4035,57.029500000000006,47.059,63.496,66.58500000000001,59,2025-08-09
STU-0018,Tanish Iyer,2024 · Term 1,Mechanical,1,6.05,0,49.679500000000004,61.047875000000005,89.02137499999999,60.74275,68.20599999999999,36.81625,55.3,2025-08-02
STU-0018,Tanish Iyer,2024 · Term 2,Mechanical,1,5.8,1,48.6265,60.082625,88.407125,59.51425,66.80199999999999,35.93875,54.1,2025-08-02
STU-0018,Tanish Iyer,2025 · Term 1,Mechanical,1,5.56,2,47.5735,59.117375,87.792875,58.28575,65.398,35.06125,52.9,2025-08-02
STU-0018,Tanish Iyer,2025 · Term 2,Mechanical,1,5.31,0,46.5205,58.152125,87.178625,57.057249999999996,63.99399999999999,34.18375,51.7,2025-08-02
STU-0019,Kavya Iyer,2024 · Term 1,Business Analytics,1,7.36,1,75.265,95.37625,34.92125,49.2425,66.41999999999999,39.087500000000006,51.6,2025-08-11
STU-0019,Kavya Iyer,2024 · Term 2,Business Analytics,1,7.38,0,75.355,95.45875,34.97375,49.3475,66.53999999999999,39.1625,51.7,2025-08-11
STU-0019,Kavya Iyer,2025 · Term 1,Business Analytics,1,7.41,0,75.44500000000001,95.54125,35.02625,49.4525,66.66,39.237500000000004,51.8,2025-08-11
STU-0019,Kavya Iyer,2025 · Term 2,Business Analytics,1,7.43,0,75.53500000000001,95.62375,35.07875,49.5575,66.78,39.3125,51.9,2025-08-11
STU-0020,Aditya Iyer,2024 · Term 1,Business Analytics,1,9.01,0,74.123,64.21275,46.07175,34.3435,86.764,47.5025,56.2,2025-08-03
STU-0020,Aditya Iyer,2024 · Term 2,Business Analytics,1,9.36,0,75.641,65.60425,46.95725,36.1145,88.788,48.7675,57.9,2025-08-03
STU-0020,Aditya Iyer,2025 · Term 1,Business Analytics,1,9.71,0,77.159,66.99575,47.842749999999995,37.8855,90.812,50.0325,59.6,2025-08-03
STU-0020,Aditya Iyer,2025 · Term 2,Business Analytics,1,10,0,78.677,68.38725,48.728249999999996,39.6565,92.836,51.2975,61.3,2025-08-03
STU-0021,Ananya Iyer,2024 · Term 1,Mechanical,1,7.69,0,30.7375,73.284375,49.571875,73.64375,64.75,55.23125,64.5,2025-08-22
STU-0021,Ananya Iyer,2024 · Term 2,Mechanical,1,7.78,0,31.1125,73.628125,49.790625,74.08125,65.25,55.54375,65,2025-08-22
STU-0021,Ananya Iyer,2025 · Term 1,Mechanical,1,7.87,0,31.4875,73.971875,50.009375,74.51875,65.75,55.85625,65.4,2025-08-22
STU-0021,Ananya Iyer,2025 · Term 2,Mechanical,1,7.95,1,31.8625,74.315625,50.228125,74.95625,66.25,56.16875,65.8,2025-08-22
STU-0022,Rhea Iyer,2024 · Term 1,Computer Science,1,8.18,0,60.994,71.3945,95.6965,86.393,67.99199999999999,90.795,81.7,2025-08-21
STU-0022,Rhea Iyer,2024 · Term 2,Computer Science,1,8.37,0,61.798,72.1315,96.16550000000001,87.331,69.064,91.465,82.6,2025-08-21
STU-0022,Rhea Iyer,2025 · Term 1,Computer Science,1,8.56,0,62.602000000000004,72.8685,96.6345,88.26899999999999,70.136,92.13499999999999,83.5,2025-08-21
STU-0022,Rhea Iyer,2025 · Term 2,Computer Science,1,8.75,0,63.406000000000006,73.6055,97.10350000000001,89.207,71.208,92.80499999999999,84.4,2025-08-21
STU-0023,Tara Iyer,2024 · Term 1,Civil Engineering,1,6.87,0,36.6085,92.66612500000001,87.796625,31.693250000000003,79.378,54.723749999999995,55.3,2025-08-12
STU-0023,Tara Iyer,2024 · Term 2,Civil Engineering,1,6.79,0,36.2695,92.35537500000001,87.598875,31.29775,78.926,54.44125,54.9,2025-08-12
STU-0023,Tara Iyer,2025 · Term 1,Civil Engineering,1,6.71,0,35.9305,92.044625,87.401125,30.902250000000002,78.474,54.15875,54.5,2025-08-12
STU-0023,Tara Iyer,2025 · Term 2,Civil Engineering,1,6.63,0,35.5915,91.733875,87.203375,30.50675,78.022,53.87625,54.1,2025-08-12
STU-0024,Kabir Iyer,2024 · Term 1,Electronics,1,7.36,0,51.265,55.176249999999996,82.12125,65.4425,34.82,67.8875,56,2025-08-11
STU-0024,Kabir Iyer,2024 · Term 2,Electronics,1,7.38,1,51.355,55.25875,82.17375,65.5475,34.94,67.9625,56.1,2025-08-11
STU-0024,Kabir Iyer,2025 · Term 1,Electronics,1,7.41,0,51.445,55.341249999999995,82.22625000000001,65.65249999999999,35.06,68.0375,56.3,2025-08-11
STU-0024,Kabir Iyer,2025 · Term 2,Electronics,1,7.43,0,51.535,55.42375,82.27875,65.7575,35.18,68.1125,56.4,2025-08-11
STU-0025,Esha Iyer,2024 · Term 1,Information Technology,1,6.05,1,82.67949999999999,44.647875000000006,76.421375,98.54275,41.606,36.41625,58.9,2025-08-02
STU-0025,Esha Iyer,2024 · Term 2,Information Technology,1,5.8,2,81.6265,43.682625,75.807125,97.31425,40.202,35.53875,57.7,2025-08-02
STU-0025,Esha Iyer,2025 · Term 1,Information Technology,1,5.56,0,80.5735,42.717375000000004,75.192875,96.08575,38.798,34.66125,56.5,2025-08-02
STU-0025,Esha Iyer,2025 · Term 2,Information Technology,1,5.31,1,79.5205,41.752125,74.578625,94.85725000000001,37.394,33.783750000000005,55.3,2025-08-02
STU-0026,Arjun Iyer,2024 · Term 1,Business Analytics,1,6.54,0,46.936,67.158,47.146,81.692,86.248,40.18,69.4,2025-08-01
STU-0026,Arjun Iyer,2024 · Term 2,Business Analytics,1,6.4,0,46.312,66.586,46.782000000000004,80.964,85.416,39.66,68.7,2025-08-01
STU-0026,Arjun Iyer,2025 · Term 1,Business Analytics,1,6.25,0,45.688,66.014,46.418,80.23599999999999,84.584,39.14,68,2025-08-01
STU-0026,Arjun Iyer,2025 · Term 2,Business Analytics,1,6.11,1,45.064,65.442,46.054,79.508,83.752,38.62,67.3,2025-08-01
STU-0027,Rohan Iyer,2024 · Term 1,Mechanical,1,8.68,0,71.6505,63.104625,63.82112500000001,44.74225,95.43400000000001,52.95875,64.4,2025-08-20
STU-0027,Rohan Iyer,2024 · Term 2,Mechanical,1,8.97,0,72.8835,64.234875,64.54037500000001,46.180749999999996,97.078,53.98625,65.7,2025-08-20
STU-0027,Rohan Iyer,2025 · Term 1,Mechanical,1,9.25,0,74.1165,65.36512499999999,65.259625,47.61925,98.72200000000001,55.01375,67.1,2025-08-20
STU-0027,Rohan Iyer,2025 · Term 2,Mechanical,1,9.54,0,75.3495,66.495375,65.978875,49.05775,100,56.04125,68.4,2025-08-20
STU-0028,Yash Iyer,2024 · Term 1,Electronics,1,8.84,0,68.339,41.01075,50.19775,86.9955,38.652,62.2825,62.6,2025-08-15
STU-0028,Yash Iyer,2024 · Term 2,Electronics,1,9.16,0,69.71300000000001,42.27025,50.999249999999996,88.5985,40.484,63.4275,64.2,2025-08-15
STU-0028,Yash Iyer,2025 · Term 1,Electronics,1,9.48,1,71.087,43.52975,51.80075,90.20150000000001,42.315999999999995,64.5725,65.7,2025-08-15
STU-0028,Yash Iyer,2025 · Term 2,Electronics,1,9.8,0,72.46100000000001,44.789249999999996,52.60225,91.8045,44.147999999999996,65.7175,67.2,2025-08-15
STU-0029,Meera Iyer,2024 · Term 1,Information Technology,1,7.53,0,86.75349999999999,65.28237499999999,45.297875,62.695750000000004,90.438,95.21125,82.8,2025-08-06
STU-0029,Meera Iyer,2024 · Term 2,Information Technology,1,7.58,0,86.9845,65.494125,45.432625,62.965250000000005,90.74600000000001,95.40375,83,2025-08-06
STU-0029,Meera Iyer,2025 · Term 1,Information Technology,1,7.63,0,87.21549999999999,65.70587499999999,45.567375,63.23475,91.054,95.59625,83.3,2025-08-06
STU-0029,Meera Iyer,2025 · Term 2,Information Technology,1,7.69,0,87.4465,65.917625,45.702125,63.50425,91.36200000000001,95.78875,83.6,2025-08-06
STU-0030,Kiran Iyer,2024 · Term 1,Mechanical,1,8.13,0,51.7705,80.764625,69.441125,88.58225,31.793999999999997,51.95875,57.4,2025-08-08
STU-0030,Kiran Iyer,2024 · Term 2,Mechanical,1,8.3,0,52.5235,81.454875,69.880375,89.46075,32.797999999999995,52.58625,58.3,2025-08-08
STU-0030,Kiran Iyer,2025 · Term 1,Mechanical,1,8.48,0,53.2765,82.145125,70.31962499999999,90.33925,33.802,53.21375,59.1,2025-08-08
STU-0030,Kiran Iyer,2025 · Term 2,Mechanical,1,8.65,0,54.0295,82.835375,70.75887499999999,91.21775000000001,34.806,53.841249999999995,60,2025-08-08
STU-0031,Avani Iyer,2024 · Term 1,Business Analytics,1,5.99,1,79.256,75.418,49.766,81.732,61.208,93.58,78.8,2025-08-17
STU-0031,Avani Iyer,2024 · Term 2,Business Analytics,1,5.73,2,78.152,74.406,49.122,80.444,59.736,92.66,77.6,2025-08-17
STU-0031,Avani Iyer,2025 · Term 1,Business Analytics,1,5.48,0,77.04799999999999,73.394,48.477999999999994,79.15599999999999,58.264,91.74000000000001,76.4,2025-08-17
STU-0031,Avani Iyer,2025 · Term 2,Business Analytics,1,5.22,1,75.94399999999999,72.382,47.833999999999996,77.868,56.792,90.82000000000001,75.2,2025-08-17
STU-0032,Saanvi Iyer,2024 · Term 1,Information Technology,1,8.95,0,32.8995,95.78287499999999,82.616375,58.732749999999996,49.766000000000005,67.46625,58.7,2025-08-18
STU-0032,Saanvi Iyer,2024 · Term 2,Information Technology,1,9.29,0,34.3665,97.127625,83.472125,60.44425,51.722,68.68875,60.3,2025-08-18
STU-0032,Saanvi Iyer,2025 · Term 1,Information Technology,1,9.63,0,35.8335,98.472375,84.327875,62.15575,53.678000000000004,69.91125,61.9,2025-08-18
STU-0032,Saanvi Iyer,2025 · Term 2,Information Technology,1,9.97,0,37.3005,99.817125,85.183625,63.86725,55.634,71.13374999999999,63.5,2025-08-18
STU-0033,Aarav Rao,2024 · Term 1,Electronics,1,6.81,0,75.18499999999999,42.236250000000005,79.54125,83.2825,39.58,91.4875,71.5,2025-08-27
STU-0033,Aarav Rao,2024 · Term 2,Electronics,1,6.72,1,74.79499999999999,41.878750000000004,79.31375,82.8275,39.059999999999995,91.1625,71,2025-08-27
STU-0033,Aarav Rao,2025 · Term 1,Electronics,1,6.63,0,74.405,41.52125,79.08625,82.37249999999999,38.54,90.8375,70.6,2025-08-27
STU-0033,Aarav Rao,2025 · Term 2,Electronics,1,6.54,0,74.015,41.16375,78.85875,81.91749999999999,38.019999999999996,90.5125,70.1,2025-08-27
STU-0034,Mira Rao,2024 · Term 1,Civil Engineering,1,6.32,0,72.5285,54.926125,52.216625,84.13325,91.33800000000001,49.32375,74.9,2025-08-28
STU-0034,Mira Rao,2024 · Term 2,Civil Engineering,1,6.13,0,71.70949999999999,54.175374999999995,51.738875,83.17775,90.24600000000001,48.64125,74,2025-08-28
STU-0034,Mira Rao,2025 · Term 1,Civil Engineering,1,5.94,1,70.8905,53.424625,51.261125,82.22225,89.154,47.958749999999995,73.1,2025-08-28
STU-0034,Mira Rao,2025 · Term 2,Civil Engineering,1,5.74,2,70.0715,52.673874999999995,50.783375,81.26675,88.062,47.27625,72.2,2025-08-28
STU-0035,Maya Rao,2024 · Term 1,Computer Science,1,7.63,0,92.11399999999999,64.8545,55.5165,50.633,41.552,93.995,62.1,2025-08-09
STU-0035,Maya Rao,2024 · Term 2,Computer Science,1,7.71,0,92.43799999999999,65.1515,55.7055,51.011,41.984,94.265,62.4,2025-08-09
STU-0035,Maya Rao,2025 · Term 1,Computer Science,1,7.78,0,92.762,65.4485,55.894499999999994,51.389,42.416000000000004,94.53500000000001,62.8,2025-08-09
STU-0035,Maya Rao,2025 · Term 2,Computer Science,1,7.86,0,93.086,65.74549999999999,56.083499999999994,51.767,42.848000000000006,94.805,63.1,2025-08-09
STU-0036,Dev Rao,2024 · Term 1,Mechanical,1,7.14,0,80.8575,61.544374999999995,43.191875,37.883750000000006,57.31,54.63125,49.9,2025-08-10
STU-0036,Dev Rao,2024 · Term 2,Mechanical,1,7.11,0,80.7525,61.448125,43.130625,37.761250000000004,57.17,54.54375,49.8,2025-08-10
STU-0036,Dev Rao,2025 · Term 1,Mechanical,1,7.09,0,80.64750000000001,61.351875,43.069375,37.63875,57.03,54.45625,49.7,2025-08-10
STU-0036,Dev Rao,2025 · Term 2,Mechanical,1,7.07,1,80.5425,61.255625,43.008125,37.51625,56.89,54.36875,49.6,2025-08-10
STU-0037,Sara Rao,2024 · Term 1,Business Analytics,1,8.45,0,75.04299999999999,87.07275,56.69175,86.78349999999999,76.524,56.7025,73.3,2025-08-19
STU-0037,Sara Rao,2024 · Term 2,Business Analytics,1,8.7,0,76.08099999999999,88.02425,57.29725,87.99449999999999,77.908,57.5675,74.5,2025-08-19
STU-0037,Sara Rao,2025 · Term 1,Business Analytics,1,8.94,0,77.119,88.97575,57.902750000000005,89.2055,79.29199999999999,58.4325,75.6,2025-08-19
STU-0037,Sara Rao,2025 · Term 2,Business Analytics,1,9.18,0,78.157,89.92725,58.508250000000004,90.4165,80.67599999999999,59.2975,76.8,2025-08-19
STU-0038,Aditi Rao,2024 · Term 1,Civil Engineering,1,8.29,0,64.1545,89.96662500000001,39.515125,52.53025,93.306,81.57875,75.8,2025-08-24
STU-0038,Aditi Rao,2024 · Term 2,Civil Engineering,1,8.5,0,65.0515,90.788875,40.038374999999995,53.576750000000004,94.502,82.32625,76.8,2025-08-24
STU-0038,Aditi Rao,2025 · Term 1,Civil Engineering,1,8.71,0,65.9485,91.611125,40.561625,54.62325,95.698,83.07375,77.8,2025-08-24
STU-0038,Aditi Rao,2025 · Term 2,Civil Engineering,1,8.92,0,66.8455,92.433375,41.084875,55.66975,96.89399999999999,83.82125,78.8,2025-08-24
STU-0039,Nikhil Rao,2024 · Term 1,Computer Science,1,6.16,0,84.84,65.61999999999999,51.239999999999995,84.08,75.12,65.60000000000001,74.9,2025-08-05
STU-0039,Nikhil Rao,2024 · Term 2,Computer Science,1,5.93,1,83.88000000000001,64.74,50.68,82.96000000000001,73.84,64.80000000000001,73.9,2025-08-05
STU-0039,Nikhil Rao,2025 · Term 1,Computer Science,1,5.71,2,82.92,63.86,50.12,81.84,72.56,64,72.8,2025-08-05
STU-0039,Nikhil Rao,2025 · Term 2,Computer Science,1,5.48,0,81.96000000000001,62.98,49.56,80.72000000000001,71.28,63.2,71.7,2025-08-05
STU-0040,Naina Rao,2024 · Term 1,Electronics,1,7.47,0,77.53,75.0525,57.4425,62.885000000000005,85.24,36.574999999999996,61.6,2025-08-21
STU-0040,Naina Rao,2024 · Term 2,Electronics,1,7.51,0,77.71,75.2175,57.5475,63.095000000000006,85.47999999999999,36.724999999999994,61.8,2025-08-21
STU-0040,Naina Rao,2025 · Term 1,Electronics,1,7.55,0,77.89,75.3825,57.6525,63.305,85.72,36.875,62,2025-08-21
STU-0040,Naina Rao,2025 · Term 2,Electronics,1,7.59,0,78.07,75.5475,57.7575,63.515,85.96,37.025,62.2,2025-08-21
STU-0041,Diya Rao,2024 · Term 1,Information Technology,1,6.15,1,53.744499999999995,85.12412499999999,60.342625,98.18525,44.826,41.10375,61.4,2025-08-12
STU-0041,Diya Rao,2024 · Term 2,Information Technology,1,5.93,2,52.781499999999994,84.24137499999999,59.780875,97.06175,43.542,40.301249999999996,60.3,2025-08-12
STU-0041,Diya Rao,2025 · Term 1,Information Technology,1,5.7,0,51.8185,83.358625,59.219125,95.93825,42.257999999999996,39.49875,59.2,2025-08-12
STU-0041,Diya Rao,2025 · Term 2,Information Technology,1,5.48,1,50.8555,82.475875,58.657375,94.81475,40.974,38.69625,58.2,2025-08-12
STU-0042,Vihaan Rao,2024 · Term 1,Computer Science,1,8.29,0,62.059,43.67075,90.21775,87.63550000000001,72.412,85.0825,81.7,2025-08-03
STU-0042,Vihaan Rao,2024 · Term 2,Computer Science,1,8.5,0,62.952999999999996,44.490249999999996,90.73925,88.6785,73.604,85.8275,82.7,2025-08-03
STU-0042,Vihaan Rao,2025 · Term 1,Computer Science,1,8.71,0,63.847,45.30975,91.26075,89.7215,74.796,86.5725,83.7,2025-08-03
STU-0042,Vihaan Rao,2025 · Term 2,Computer Science,1,8.91,1,64.741,46.12925,91.78225,90.7645,75.988,87.31750000000001,84.7,2025-08-03
STU-0043,Akash Rao,2024 · Term 1,Civil Engineering,1,6.97,0,73.87349999999999,96.142375,88.91787500000001,61.93575,94.39800000000001,88.81125,81.7,2025-08-22
STU-0043,Akash Rao,2024 · Term 2,Civil Engineering,1,6.92,0,73.6245,95.914125,88.772625,61.64525,94.066,88.60375,81.4,2025-08-22
STU-0043,Akash Rao,2025 · Term 1,Civil Engineering,1,6.86,0,73.3755,95.685875,88.627375,61.35475,93.73400000000001,88.39625,81.2,2025-08-22
STU-0043,Akash Rao,2025 · Term 2,Civil Engineering,1,6.8,0,73.12650000000001,95.457625,88.482125,61.06425,93.402,88.18875,80.9,2025-08-22
STU-0044,Neha Rao,2024 · Term 1,Computer Science,1,5.82,0,70.272,68.416,54.492,51.384,43.496,37.36,44.1,2025-08-01
STU-0044,Neha Rao,2024 · Term 2,Computer Science,1,5.53,1,69.024,67.272,53.763999999999996,49.928000000000004,41.832,36.32,42.7,2025-08-01
STU-0044,Neha Rao,2025 · Term 1,Computer Science,1,5.24,2,67.77600000000001,66.128,53.036,48.472,40.168,35.279999999999994,41.3,2025-08-01
STU-0044,Neha Rao,2025 · Term 2,Computer Science,1,4.95,0,66.528,64.98400000000001,52.308,47.016000000000005,38.504,34.239999999999995,39.9,2025-08-01
STU-0045,Reyansh Rao,2024 · Term 1,Civil Engineering,1,7.96,0,92.5865,78.962625,31.567125,41.83425,73.082,45.53875,53.5,2025-08-20
STU-0045,Reyansh Rao,2024 · Term 2,Civil Engineering,1,8.1,1,93.1955,79.520875,31.922375000000002,42.54475,73.89399999999999,46.04625,54.2,2025-08-20
STU-0045,Reyansh Rao,2025 · Term 1,Civil Engineering,1,8.24,0,93.8045,80.07912499999999,32.277625,43.25525,74.706,46.553749999999994,54.8,2025-08-20
STU-0045,Reyansh Rao,2025 · Term 2,Civil Engineering,1,8.39,0,94.4135,80.63737499999999,32.632875,43.96575,75.518,47.061249999999994,55.5,2025-08-20
STU-0046,Ishaan Rao,2024 · Term 1,Business Analytics,1,6.65,0,80.801,95.83425,42.86725,96.1345,74.66799999999999,90.2675,87,2025-08-11
STU-0046,Ishaan Rao,2024 · Term 2,Business Analytics,1,6.52,0,80.267,95.34474999999999,42.555749999999996,95.5115,73.95599999999999,89.82249999999999,86.4,2025-08-11
STU-0046,Ishaan Rao,2025 · Term 1,Business Analytics,1,6.4,0,79.733,94.85525,42.24425,94.88850000000001,73.244,89.3775,85.8,2025-08-11
STU-0046,Ishaan Rao,2025 · Term 2,Business Analytics,1,6.27,0,79.199,94.36574999999999,41.93275,94.2655,72.532,88.93249999999999,85.2,2025-08-11
STU-0047,Zoya Rao,2024 · Term 1,Mechanical,1,8.78,0,64.7155,60.980875,39.542375,36.78475,92.254,71.64625,66.9,2025-08-02
STU-0047,Zoya Rao,2024 · Term 2,Mechanical,1,9.09,0,66.0385,62.193625,40.314125000000004,38.328250000000004,94.018,72.74875,68.4,2025-08-02
STU-0047,Zoya Rao,2025 · Term 1,Mechanical,1,9.4,0,67.3615,63.406375,41.085875,39.87175,95.78200000000001,73.85125,69.8,2025-08-02
STU-0047,Zoya Rao,2025 · Term 2,Mechanical,1,9.71,0,68.6845,64.619125,41.857625000000006,41.41525,97.546,74.95375,71.3,2025-08-02
STU-0048,Amara Rao,2024 · Term 1,Business Analytics,1,7.63,0,68.514,70.45450000000001,43.316500000000005,87.233,82.152,72.395,80.6,2025-08-09
STU-0048,Amara Rao,2024 · Term 2,Business Analytics,1,7.71,0,68.838,70.75150000000001,43.505500000000005,87.611,82.584,72.66499999999999,81,2025-08-09
STU-0048,Amara Rao,2025 · Term 1,Business Analytics,1,7.78,0,69.162,71.0485,43.6945,87.98899999999999,83.01599999999999,72.935,81.3,2025-08-09
STU-0048,Amara Rao,2025 · Term 2,Business Analytics,1,7.86,0,69.486,71.3455,43.8835,88.36699999999999,83.448,73.205,81.7,2025-08-09
STU-0049,Pranav Rao,2024 · Term 1,Mechanical,1,6.32,0,63.9285,93.726125,63.216625,56.93325,56.338,95.32375,69.5,2025-08-28
STU-0049,Pranav Rao,2024 · Term 2,Mechanical,1,6.13,1,63.109500000000004,92.975375,62.738875,55.97775,55.246,94.64125,68.6,2025-08-28
STU-0049,Pranav Rao,2025 · Term 1,Mechanical,1,5.94,2,62.2905,92.22462499999999,62.261125,55.02225,54.154,93.95875,67.7,2025-08-28
STU-0049,Pranav Rao,2025 · Term 2,Mechanical,1,5.74,0,61.471500000000006,91.47387499999999,61.783375,54.06675,53.062000000000005,93.27624999999999,66.8,2025-08-28
STU-0050,Tanish Rao,2024 · Term 1,Information Technology,1,6.81,1,49.0895,56.740375,44.243874999999996,46.78775,42.886,38.79125,42.8,2025-08-06
STU-0050,Tanish Rao,2024 · Term 2,Information Technology,1,6.72,0,48.6965,56.380125,44.014624999999995,46.32925,42.362,38.46375,42.4,2025-08-06
STU-0050,Tanish Rao,2025 · Term 1,Information Technology,1,6.62,0,48.3035,56.019875000000006,43.785375,45.87075,41.838,38.13625,41.9,2025-08-06
STU-0050,Tanish Rao,2025 · Term 2,Information Technology,1,6.53,0,47.9105,55.659625000000005,43.556125,45.41225,41.314,37.808749999999996,41.5,2025-08-06
STU-0051,Kavya Rao,2024 · Term 1,Electronics,1,8.12,0,84.675,67.26875,49.94375,77.2875,32.7,66.8625,58.9,2025-08-15
STU-0051,Kavya Rao,2024 · Term 2,Electronics,1,8.3,0,85.425,67.95625,50.38125,78.1625,33.7,67.4875,59.8,2025-08-15
STU-0051,Kavya Rao,2025 · Term 1,Electronics,1,8.47,0,86.175,68.64375,50.81875,79.0375,34.7,68.1125,60.6,2025-08-15
STU-0051,Kavya Rao,2025 · Term 2,Electronics,1,8.65,0,86.925,69.33125,51.25625,79.9125,35.7,68.7375,61.4,2025-08-15
STU-0052,Aditya Rao,2024 · Term 1,Mechanical,1,5.99,0,45.960499999999996,79.322125,34.268625,61.83725,99.314,59.08375,73.4,2025-08-24
STU-0052,Aditya Rao,2024 · Term 2,Mechanical,1,5.73,1,44.8535,78.307375,33.622875,60.54575,97.838,58.16125,72.2,2025-08-24
STU-0052,Aditya Rao,2025 · Term 1,Mechanical,1,5.47,2,43.7465,77.292625,32.977124999999994,59.25425,96.362,57.23875,71,2025-08-24
STU-0052,Aditya Rao,2025 · Term 2,Mechanical,1,5.21,0,42.6395,76.277875,32.331374999999994,57.96275,94.886,56.316250000000004,69.7,2025-08-24
STU-0053,Ananya Rao,2024 · Term 1,Business Analytics,1,7.3,0,80.346,82.65050000000001,81.9685,93.53699999999999,87.52799999999999,42.555,74.5,2025-08-05
STU-0053,Ananya Rao,2024 · Term 2,Business Analytics,1,7.31,0,80.382,82.68350000000001,81.9895,93.579,87.576,42.585,74.6,2025-08-05
STU-0053,Ananya Rao,2025 · Term 1,Business Analytics,1,7.32,0,80.418,82.7165,82.0105,93.621,87.624,42.615,74.6,2025-08-05
STU-0053,Ananya Rao,2025 · Term 2,Business Analytics,1,7.33,0,80.45400000000001,82.7495,82.0315,93.663,87.672,42.645,74.7,2025-08-05
STU-0054,Rhea Rao,2024 · Term 1,Civil Engineering,1,8.62,0,67.33149999999999,85.17887499999999,84.26837499999999,88.63675,62.342000000000006,57.426249999999996,69.5,2025-08-14
STU-0054,Rhea Rao,2024 · Term 2,Civil Engineering,1,8.89,0,68.5105,86.259625,84.956125,90.01225000000001,63.914,58.40875,70.8,2025-08-14
STU-0054,Rhea Rao,2025 · Term 1,Civil Engineering,1,9.17,0,69.6895,87.340375,85.643875,91.38775,65.486,59.39125,72.1,2025-08-14
STU-0054,Rhea Rao,2025 · Term 2,Civil Engineering,1,9.44,0,70.8685,88.421125,86.331625,92.76325,67.058,60.37375,73.4,2025-08-14
STU-0055,Tara Rao,2024 · Term 1,Computer Science,1,6.48,0,44.817,83.63225,83.39325,54.5865,93.756,53.4475,67.3,2025-08-23
STU-0055,Tara Rao,2024 · Term 2,Computer Science,1,6.32,0,44.138999999999996,83.01075,82.99775,53.7955,92.852,52.8825,66.5,2025-08-23
STU-0055,Tara Rao,2025 · Term 1,Computer Science,1,6.16,2,43.461,82.38925,82.60225,53.0045,91.94800000000001,52.3175,65.8,2025-08-23
STU-0055,Tara Rao,2025 · Term 2,Computer Science,1,6.01,0,42.782999999999994,81.76775,82.20675,52.213499999999996,91.04400000000001,51.752500000000005,65,2025-08-23
STU-0056,Kabir Rao,2024 · Term 1,Information Technology,1,7.79,0,69.8025,40.960625,55.493125,46.68625,76.97,56.91875,60.2,2025-08-04
STU-0056,Kabir Rao,2024 · Term 2,Information Technology,1,7.9,0,70.2675,41.386875,55.764375,47.22875,77.59,57.30625,60.7,2025-08-04
STU-0056,Kabir Rao,2025 · Term 1,Information Technology,1,8.01,0,70.7325,41.813125,56.035624999999996,47.77125,78.21000000000001,57.69375,61.2,2025-08-04
STU-0056,Kabir Rao,2025 · Term 2,Information Technology,1,8.12,0,71.1975,42.239375,56.306875,48.31375,78.83000000000001,58.08125,61.7,2025-08-04
STU-0057,Esha Rao,2024 · Term 1,Electronics,1,5.66,2,35.088,87.414,66.018,36.236,71.584,96.74,68.2,2025-08-13
STU-0057,Esha Rao,2024 · Term 2,Electronics,1,5.33,0,33.696,86.138,65.206,34.611999999999995,69.728,95.58,66.6,2025-08-13
STU-0057,Esha Rao,2025 · Term 1,Electronics,1,5.01,1,32.304,84.862,64.39399999999999,32.988,67.872,94.42,65.1,2025-08-13
STU-0057,Esha Rao,2025 · Term 2,Electronics,1,4.68,2,30.912,83.586,63.582,31.363999999999997,66.01599999999999,93.26,63.5,2025-08-13
STU-0058,Arjun Rao,2024 · Term 1,Mechanical,1,6.97,0,88.0735,85.74237500000001,69.11787500000001,71.53575,77.598,38.011250000000004,62.4,2025-08-22
STU-0058,Arjun Rao,2024 · Term 2,Mechanical,1,6.92,0,87.8245,85.514125,68.97262500000001,71.24525,77.26599999999999,37.80375,62.1,2025-08-22
STU-0058,Arjun Rao,2025 · Term 1,Mechanical,1,6.86,0,87.5755,85.285875,68.827375,70.95474999999999,76.934,37.596250000000005,61.8,2025-08-22
STU-0058,Arjun Rao,2025 · Term 2,Mechanical,1,6.8,0,87.32650000000001,85.057625,68.682125,70.66425,76.60199999999999,37.38875,61.6,2025-08-22
STU-0059,Rohan Rao,2024 · Term 1,Business Analytics,1,8.29,0,37.059,52.07075,73.81774999999999,62.4355,43.812,36.4825,47.6,2025-08-03
STU-0059,Rohan Rao,2024 · Term 2,Business Analytics,1,8.5,0,37.952999999999996,52.890249999999995,74.33924999999999,63.4785,45.004000000000005,37.2275,48.6,2025-08-03
STU-0059,Rohan Rao,2025 · Term 1,Business Analytics,1,8.71,0,38.847,53.70975,74.86075,64.5215,46.196,37.972500000000004,49.6,2025-08-03
STU-0059,Rohan Rao,2025 · Term 2,Business Analytics,1,8.91,0,39.741,54.52925,75.38225,65.5645,47.388000000000005,38.7175,50.6,2025-08-03
STU-0060,Yash Rao,2024 · Term 1,Computer Science,1,7.61,0,89.741,90.27925,33.53225,61.4645,96.388,79.4175,79.1,2025-08-23
STU-0060,Yash Rao,2024 · Term 2,Computer Science,1,7.68,0,90.047,90.55975000000001,33.71075,61.8215,96.796,79.6725,79.4,2025-08-23
STU-0060,Yash Rao,2025 · Term 1,Computer Science,1,7.75,1,90.35300000000001,90.84025,33.88925,62.1785,97.204,79.9275,79.8,2025-08-23
STU-0060,Yash Rao,2025 · Term 2,Computer Science,1,7.83,0,90.659,91.12075,34.06775,62.5355,97.612,80.18249999999999,80.1,2025-08-23
STU-0061,Meera Rao,2024 · Term 1,Civil Engineering,1,6.3,0,95.35549999999999,88.750875,71.63237500000001,35.36475,41.174,97.14625,57.9,2025-08-14
STU-0061,Meera Rao,2024 · Term 2,Civil Engineering,1,6.1,0,94.51849999999999,87.98362499999999,71.144125,34.38825,40.058,96.44874999999999,57,2025-08-14
STU-0061,Meera Rao,2025 · Term 1,Civil Engineering,1,5.91,1,93.6815,87.216375,70.65587500000001,33.41175,38.942,95.75125,56,2025-08-14
STU-0061,Meera Rao,2025 · Term 2,Civil Engineering,1,5.71,2,92.8445,86.449125,70.167625,32.435249999999996,37.826,95.05375,55.1,2025-08-14
STU-0062,Kiran Rao,2024 · Term 1,Electronics,1,6.79,0,56.612,91.861,42.157,41.914,87.816,98.11,75.9,2025-08-13
STU-0062,Kiran Rao,2024 · Term 2,Electronics,1,6.7,0,56.204,91.487,41.919,41.438,87.272,97.77,75.5,2025-08-13
STU-0062,Kiran Rao,2025 · Term 1,Electronics,1,6.6,0,55.796,91.113,41.681,40.962,86.728,97.42999999999999,75,2025-08-13
STU-0062,Kiran Rao,2025 · Term 2,Electronics,1,6.51,0,55.388,90.73899999999999,41.443,40.486000000000004,86.184,97.08999999999999,74.6,2025-08-13
STU-0063,Avani Rao,2024 · Term 1,Information Technology,1,8.93,0,53.526500000000006,73.807625,34.832125000000005,39.56425,76.00200000000001,88.48875,68,2025-08-04
STU-0063,Avani Rao,2024 · Term 2,Information Technology,1,9.26,0,54.975500000000004,75.135875,35.677375000000005,41.25475,77.93400000000001,89.69624999999999,69.6,2025-08-04
STU-0063,Avani Rao,2025 · Term 1,Information Technology,1,9.6,0,56.4245,76.464125,36.522625,42.94525,79.866,90.90375,71.2,2025-08-04
STU-0063,Avani Rao,2025 · Term 2,Information Technology,1,9.94,0,57.8735,77.79237499999999,37.367875,44.63575,81.798,92.11125,72.8,2025-08-04
STU-0064,Saanvi Rao,2024 · Term 1,Electronics,1,5.8,2,85.499,36.84075,77.70774999999999,60.8155,86.932,37.5825,61.8,2025-08-15
STU-0064,Saanvi Rao,2024 · Term 2,Electronics,1,5.51,0,84.23299999999999,35.68025,76.96924999999999,59.3385,85.244,36.5275,60.4,2025-08-15
STU-0064,Saanvi Rao,2025 · Term 1,Electronics,1,5.21,1,82.967,34.51975,76.23075,57.8615,83.55600000000001,35.4725,59,2025-08-15
STU-0064,Saanvi Rao,2025 · Term 2,Electronics,1,4.92,2,81.701,33.35925,75.49225,56.3845,81.86800000000001,34.4175,57.6,2025-08-15
STU-0065,Aarav Menon,2024 · Term 1,Information Technology,1,7.94,0,53.2135,92.987375,91.78287499999999,68.46575,77.718,53.561249999999994,66.6,2025-08-06
STU-0065,Aarav Menon,2024 · Term 2,Information Technology,1,8.08,0,53.804500000000004,93.529125,92.127625,69.15525,78.506,54.053749999999994,67.2,2025-08-06
STU-0065,Aarav Menon,2025 · Term 1,Information Technology,1,8.22,0,54.3955,94.070875,92.472375,69.84475,79.29400000000001,54.54625,67.9,2025-08-06
STU-0065,Aarav Menon,2025 · Term 2,Information Technology,1,8.35,0,54.9865,94.612625,92.817125,70.53425,80.08200000000001,55.03875,68.6,2025-08-06
STU-0066,Mira Menon,2024 · Term 1,Business Analytics,1,8.43,0,73.07,96.4975,61.307500000000005,37.215,65.96,85.925,63,2025-08-05
STU-0066,Mira Menon,2024 · Term 2,Business Analytics,1,8.67,0,74.08999999999999,97.4325,61.9025,38.405,67.32,86.775,64.2,2025-08-05
STU-0066,Mira Menon,2025 · Term 1,Business Analytics,1,8.91,0,75.11,98.3675,62.4975,39.595,68.68,87.625,65.3,2025-08-05
STU-0066,Mira Menon,2025 · Term 2,Business Analytics,1,9.15,0,76.13,99.30250000000001,63.0925,40.785,70.04,88.47500000000001,66.4,2025-08-05
STU-0067,Maya Menon,2024 · Term 1,Mechanical,1,7.12,0,46.8845,70.169125,58.407624999999996,55.515249999999995,50.146,71.25375,59,2025-08-24
STU-0067,Maya Menon,2024 · Term 2,Mechanical,1,7.09,0,46.761500000000005,70.056375,58.335874999999994,55.37175,49.982,71.15124999999999,58.8,2025-08-24
STU-0067,Maya Menon,2025 · Term 1,Mechanical,1,7.06,0,46.6385,69.943625,58.264125,55.228249999999996,49.818,71.04875,58.7,2025-08-24
STU-0067,Maya Menon,2025 · Term 2,Mechanical,1,7.03,0,46.5155,69.830875,58.192375,55.08475,49.653999999999996,70.94624999999999,58.6,2025-08-24
STU-0068,Dev Menon,2024 · Term 1,Business Analytics,1,7.45,0,95.757,53.877250000000004,80.85825,41.116499999999995,55.676,72.9975,56.6,2025-08-07
STU-0068,Dev Menon,2024 · Term 2,Business Analytics,1,7.48,0,95.919,54.02575,80.95275,41.305499999999995,55.892,73.13250000000001,56.8,2025-08-07
STU-0068,Dev Menon,2025 · Term 1,Business Analytics,1,7.52,0,96.081,54.17425,81.04725,41.4945,56.108,73.2675,57,2025-08-07
STU-0068,Dev Menon,2025 · Term 2,Business Analytics,1,7.56,0,96.243,54.32275,81.14175,41.6835,56.324,73.4025,57.1,2025-08-07
STU-0069,Sara Menon,2024 · Term 1,Mechanical,1,6.13,0,77.7715,83.74887500000001,67.358375,47.616749999999996,55.262,55.12625,52.7,2025-08-26
STU-0069,Sara Menon,2024 · Term 2,Mechanical,1,5.9,1,76.7905,82.849625,66.786125,46.472249999999995,53.95399999999999,54.308749999999996,51.6,2025-08-26
STU-0069,Sara Menon,2025 · Term 1,Mechanical,1,5.67,2,75.8095,81.95037500000001,66.213875,45.32775,52.646,53.49125,50.5,2025-08-26
STU-0069,Sara Menon,2025 · Term 2,Mechanical,1,5.45,0,74.82849999999999,81.051125,65.641625,44.18325,51.337999999999994,52.67375,49.4,2025-08-26
STU-0070,Aditi Menon,2024 · Term 1,Civil Engineering,1,6.95,0,95.50049999999999,38.167125,71.533625,58.76725,63.833999999999996,38.033750000000005,53.5,2025-08-08
STU-0070,Aditi Menon,2024 · Term 2,Civil Engineering,1,6.89,0,95.23349999999999,37.922374999999995,71.377875,58.455749999999995,63.477999999999994,37.81125,53.2,2025-08-08
STU-0070,Aditi Menon,2025 · Term 1,Civil Engineering,1,6.83,0,94.9665,37.677625,71.22212499999999,58.14425,63.122,37.588750000000005,53,2025-08-08
STU-0070,Aditi Menon,2025 · Term 2,Civil Engineering,1,6.77,0,94.6995,37.432874999999996,71.066375,57.83275,62.766,37.36625,52.7,2025-08-08
STU-0071,Nikhil Menon,2024 · Term 1,Computer Science,1,8.27,0,65.28599999999999,63.2955,88.8335,89.467,35.047999999999995,42.505,55.7,2025-08-17
STU-0071,Nikhil Menon,2024 · Term 2,Computer Science,1,8.47,0,66.16199999999999,64.0985,89.3445,90.489,36.215999999999994,43.235,56.6,2025-08-17
STU-0071,Nikhil Menon,2025 · Term 1,Computer Science,1,8.68,0,67.038,64.9015,89.85549999999999,91.511,37.384,43.965,57.6,2025-08-17
STU-0071,Nikhil Menon,2025 · Term 2,Computer Science,1,8.88,0,67.914,65.7045,90.36649999999999,92.533,38.552,44.695,58.6,2025-08-17
STU-0072,Naina Menon,2024 · Term 1,Mechanical,1,7.77,0,37.429500000000004,35.185375,48.308875,37.71775,83.40599999999999,97.14125,72.8,2025-08-18
STU-0072,Naina Menon,2024 · Term 2,Mechanical,1,7.88,0,37.8765,35.595124999999996,48.569625,38.23925,84.002,97.51375,73.3,2025-08-18
STU-0072,Naina Menon,2025 · Term 1,Mechanical,1,7.98,0,38.3235,36.004875,48.830375000000004,38.76075,84.598,97.88625,73.7,2025-08-18
STU-0072,Naina Menon,2025 · Term 2,Mechanical,1,8.09,0,38.7705,36.414624999999994,49.091125000000005,39.28225,85.194,98.25875,74.2,2025-08-18
STU-0073,Diya Menon,2024 · Term 1,Business Analytics,1,5.64,1,69.515,73.63875,38.03375,46.0675,35.22,93.16250000000001,58.1,2025-08-27
STU-0073,Diya Menon,2024 · Term 2,Business Analytics,1,5.31,2,68.105,72.34625,37.21125,44.4225,33.339999999999996,91.98750000000001,56.6,2025-08-27
STU-0073,Diya Menon,2025 · Term 1,Business Analytics,1,4.98,0,66.69500000000001,71.05375000000001,36.388749999999995,42.7775,31.459999999999997,90.8125,55,2025-08-27
STU-0073,Diya Menon,2025 · Term 2,Business Analytics,1,4.65,1,65.28500000000001,69.76125,35.56625,41.1325,29.58,89.6375,53.5,2025-08-27
STU-0074,Vihaan Menon,2024 · Term 1,Mechanical,1,8.76,0,63.342499999999994,63.205625,61.358125,42.61625,77.29,62.46874999999999,60.8,2025-08-16
STU-0074,Vihaan Menon,2024 · Term 2,Mechanical,1,9.07,0,64.6475,64.401875,62.119375,44.13875,79.03,63.55624999999999,62.2,2025-08-16
STU-0074,Vihaan Menon,2025 · Term 1,Mechanical,1,9.37,1,65.9525,65.598125,62.880625,45.661249999999995,80.77000000000001,64.64375,63.7,2025-08-16
STU-0074,Vihaan Menon,2025 · Term 2,Mechanical,1,9.67,0,67.2575,66.794375,63.641875,47.183749999999996,82.51,65.73124999999999,65.1,2025-08-16
STU-0075,Akash Menon,2024 · Term 1,Business Analytics,1,6.63,0,47.428000000000004,53.859,51.083,79.56599999999999,45.704,35.89,53.7,2025-08-25
STU-0075,Akash Menon,2024 · Term 2,Business Analytics,1,6.5,0,46.876000000000005,53.353,50.761,78.922,44.968,35.43,53.1,2025-08-25
STU-0075,Akash Menon,2025 · Term 1,Business Analytics,1,6.37,0,46.324,52.847,50.439,78.27799999999999,44.232,34.970000000000006,52.5,2025-08-25
STU-0075,Akash Menon,2025 · Term 2,Business Analytics,1,6.24,0,45.772,52.341,50.117000000000004,77.634,43.496,34.510000000000005,51.9,2025-08-25
STU-0076,Neha Menon,2024 · Term 1,Information Technology,1,6.13,1,57.9715,73.54887500000001,38.158375,63.81675,87.262,56.32625,69.1,2025-08-26
STU-0076,Neha Menon,2024 · Term 2,Information Technology,1,5.9,2,56.9905,72.649625,37.586124999999996,62.67225,85.954,55.50875,68,2025-08-26
STU-0076,Neha Menon,2025 · Term 1,Information Technology,1,5.67,0,56.0095,71.750375,37.013875,61.527750000000005,84.646,54.691250000000004,67,2025-08-26
STU-0076,Neha Menon,2025 · Term 2,Information Technology,1,5.45,1,55.0285,70.851125,36.441624999999995,60.383250000000004,83.338,53.87375,65.9,2025-08-26
STU-0077,Reyansh Menon,2024 · Term 1,Electronics,1,7.45,0,70.15700000000001,57.07725,71.45824999999999,57.3165,43.076,31.3975,43.9,2025-08-07
STU-0077,Reyansh Menon,2024 · Term 2,Electronics,1,7.48,0,70.319,57.22575,71.55274999999999,57.5055,43.292,31.532500000000002,44.1,2025-08-07
STU-0077,Reyansh Menon,2025 · Term 1,Electronics,1,7.52,0,70.48100000000001,57.374249999999996,71.64725,57.694500000000005,43.507999999999996,31.6675,44.3,2025-08-07
STU-0077,Reyansh Menon,2025 · Term 2,Electronics,1,7.56,0,70.643,57.522749999999995,71.74175,57.883500000000005,43.724,31.802500000000002,44.5,2025-08-07
STU-0078,Ishaan Menon,2024 · Term 1,Mechanical,1,6.79,0,50.5165,89.765125,97.859625,51.01925,81.522,73.81375,68.8,2025-08-20
STU-0078,Ishaan Menon,2024 · Term 2,Mechanical,1,6.69,0,50.1055,89.388375,97.619875,50.53975,80.974,73.47125,68.3,2025-08-20
STU-0078,Ishaan Menon,2025 · Term 1,Mechanical,1,6.6,0,49.6945,89.01162500000001,97.380125,50.060249999999996,80.426,73.12875,67.9,2025-08-20
STU-0078,Ishaan Menon,2025 · Term 2,Mechanical,1,6.5,1,49.2835,88.63487500000001,97.140375,49.580749999999995,79.878,72.78625,67.4,2025-08-20
STU-0079,Zoya Menon,2024 · Term 1,Business Analytics,1,8.1,0,31.502000000000002,34.293499999999995,62.3595,50.519,45.936,62.485,53,2025-08-01
STU-0079,Zoya Menon,2024 · Term 2,Business Analytics,1,8.27,0,32.234,34.964499999999994,62.7865,51.373,46.912,63.095,53.8,2025-08-01
STU-0079,Zoya Menon,2025 · Term 1,Business Analytics,1,8.44,0,32.966,35.6355,63.2135,52.227,47.888,63.705,54.6,2025-08-01
STU-0079,Zoya Menon,2025 · Term 2,Business Analytics,1,8.61,0,33.698,36.3065,63.6405,53.080999999999996,48.864,64.315,55.4,2025-08-01
STU-0080,Amara Menon,2024 · Term 1,Business Analytics,1,6.29,0,56.059999999999995,53.455,88.135,36.269999999999996,44.68,95.64999999999999,58.9,2025-08-21
STU-0080,Amara Menon,2024 · Term 2,Business Analytics,1,6.1,2,55.22,52.684999999999995,87.64500000000001,35.29,43.56,94.94999999999999,57.9,2025-08-21
STU-0080,Amara Menon,2025 · Term 1,Business Analytics,1,5.9,0,54.379999999999995,51.915,87.155,34.309999999999995,42.44,94.25,57,2025-08-21
STU-0080,Amara Menon,2025 · Term 2,Business Analytics,1,5.71,1,53.54,51.144999999999996,86.665,33.33,41.32,93.55,56.1,2025-08-21
STU-0081,Pranav Menon,2024 · Term 1,Mechanical,1,8.43,0,35.3745,39.401624999999996,82.21012499999999,67.92025000000001,85.06599999999999,47.22875,66.7,2025-08-12
STU-0081,Pranav Menon,2024 · Term 2,Mechanical,1,8.67,0,36.3915,40.333875,82.80337499999999,69.10675,86.422,48.07625,67.9,2025-08-12
STU-0081,Pranav Menon,2025 · Term 1,Mechanical,1,8.9,0,37.4085,41.266124999999995,83.396625,70.29325,87.77799999999999,48.92375,69,2025-08-12
STU-0081,Pranav Menon,2025 · Term 2,Mechanical,1,9.14,0,38.4255,42.198375,83.989875,71.47975,89.134,49.77125,70.1,2025-08-12
STU-0082,Tanish Menon,2024 · Term 1,Electronics,1,7.12,0,42.389,75.67325,89.31025,72.4205,79.652,58.3575,70.1,2025-08-03
STU-0082,Tanish Menon,2024 · Term 2,Electronics,1,7.09,0,42.263000000000005,75.55775,89.23675,72.2735,79.48400000000001,58.252500000000005,70,2025-08-03
STU-0082,Tanish Menon,2025 · Term 1,Electronics,1,7.06,0,42.137,75.44225,89.16325,72.12650000000001,79.316,58.1475,69.9,2025-08-03
STU-0082,Tanish Menon,2025 · Term 2,Electronics,1,7.03,0,42.011,75.32675,89.08975000000001,71.9795,79.14800000000001,58.042500000000004,69.7,2025-08-03
STU-0083,Kavya Menon,2024 · Term 1,Information Technology,1,5.8,1,48.2035,46.744875,75.81037500000001,93.92075,57.038,52.88625,67.9,2025-08-22
STU-0083,Kavya Menon,2024 · Term 2,Information Technology,1,5.5,2,46.9345,45.581625,75.070125,92.44025,55.346,51.82875,66.5,2025-08-22
STU-0083,Kavya Menon,2025 · Term 1,Information Technology,1,5.21,0,45.665499999999994,44.418375,74.329875,90.95975,53.654,50.771249999999995,65.1,2025-08-22
STU-0083,Kavya Menon,2025 · Term 2,Information Technology,1,4.91,1,44.396499999999996,43.255125,73.589625,89.47925000000001,51.962,49.71375,63.7,2025-08-22
STU-0084,Aditya Menon,2024 · Term 1,Computer Science,1,7.94,0,42.318000000000005,60.091499999999996,79.88550000000001,62.370999999999995,58.623999999999995,88.265,69.8,2025-08-13
STU-0084,Aditya Menon,2024 · Term 2,Computer Science,1,8.07,0,42.906000000000006,60.6305,80.22850000000001,63.056999999999995,59.407999999999994,88.755,70.4,2025-08-13
STU-0084,Aditya Menon,2025 · Term 1,Computer Science,1,8.21,0,43.494,61.1695,80.5715,63.743,60.192,89.245,71.1,2025-08-13
STU-0084,Aditya Menon,2025 · Term 2,Computer Science,1,8.35,1,44.082,61.7085,80.9145,64.429,60.976,89.735,71.7,2025-08-13
STU-0085,Ananya Menon,2024 · Term 1,Civil Engineering,1,6.62,0,82.93249999999999,66.16312500000001,35.185625,77.87125,98.81,50.393750000000004,75.7,2025-08-04
STU-0085,Ananya Menon,2024 · Term 2,Civil Engineering,1,6.49,0,82.3775,65.654375,34.861875000000005,77.22375000000001,98.07000000000001,49.931250000000006,75.1,2025-08-04
STU-0085,Ananya Menon,2025 · Term 1,Civil Engineering,1,6.36,0,81.82249999999999,65.14562500000001,34.538125,76.57625,97.33,49.46875,74.5,2025-08-04
STU-0085,Ananya Menon,2025 · Term 2,Civil Engineering,1,6.23,0,81.2675,64.636875,34.214375000000004,75.92875000000001,96.59,49.00625,73.8,2025-08-04
STU-0086,Rhea Menon,2024 · Term 1,Business Analytics,1,8.76,1,34.846999999999994,90.50975,42.66075,63.9215,36.996,86.1725,62.4,2025-08-23
STU-0086,Rhea Menon,2024 · Term 2,Business Analytics,1,9.06,0,36.148999999999994,91.70325,43.420249999999996,65.4405,38.732,87.2575,63.8,2025-08-23
STU-0086,Rhea Menon,2025 · Term 1,Business Analytics,1,9.36,0,37.451,92.89675,44.17975,66.9595,40.468,88.3425,65.3,2025-08-23
STU-0086,Rhea Menon,2025 · Term 2,Business Analytics,1,9.67,0,38.753,94.09025,44.939249999999994,68.4785,42.204,89.4275,66.7,2025-08-23
STU-0087,Tara Menon,2024 · Term 1,Mechanical,1,7.44,0,64.0615,81.181375,48.360875,48.02175,53.182,69.30125,56.8,2025-08-14
STU-0087,Tara Menon,2024 · Term 2,Mechanical,1,7.48,0,64.2205,81.32712500000001,48.453625,48.207249999999995,53.394,69.43375,57,2025-08-14
STU-0087,Tara Menon,2025 · Term 1,Mechanical,1,7.52,0,64.3795,81.472875,48.546375,48.39275,53.606,69.56625,57.2,2025-08-14
STU-0087,Tara Menon,2025 · Term 2,Mechanical,1,7.55,0,64.5385,81.61862500000001,48.639125,48.57825,53.818,69.69875,57.4,2025-08-14
STU-0088,Kabir Menon,2024 · Term 1,Computer Science,1,6.46,0,52.244,44.257,42.809000000000005,53.818,64.992,41.87,53.6,2025-08-09
STU-0088,Kabir Menon,2024 · Term 2,Computer Science,1,6.3,0,51.548,43.619,42.403000000000006,53.006,64.06400000000001,41.29,52.8,2025-08-09
STU-0088,Kabir Menon,2025 · Term 1,Computer Science,1,6.13,2,50.852000000000004,42.980999999999995,41.997,52.194,63.136,40.71,52,2025-08-09
STU-0088,Kabir Menon,2025 · Term 2,Computer Science,1,5.97,0,50.156000000000006,42.342999999999996,41.591,51.382000000000005,62.208,40.13,51.2,2025-08-09
STU-0089,Esha Menon,2024 · Term 1,Civil Engineering,1,8.6,0,80.1585,93.203625,38.484125,94.86825,31.178,77.84875,68,2025-08-28
STU-0089,Esha Menon,2024 · Term 2,Civil Engineering,1,8.87,0,81.3195,94.267875,39.161375,96.22275,32.726,78.81625,69.3,2025-08-28
STU-0089,Esha Menon,2025 · Term 1,Civil Engineering,1,9.14,0,82.4805,95.33212499999999,39.838625,97.57725,34.274,79.78375,70.5,2025-08-28
STU-0089,Esha Menon,2025 · Term 2,Civil Engineering,1,9.41,0,83.64150000000001,96.39637499999999,40.515875,98.93175000000001,35.822,80.75125,71.8,2025-08-28
STU-0090,Arjun Menon,2024 · Term 1,Mechanical,1,5.64,0,42.219500000000004,53.542875,39.536375,39.97275,61.526,90.06625,63.9,2025-08-06
STU-0090,Arjun Menon,2024 · Term 2,Mechanical,1,5.31,1,40.8065,52.247625,38.712125,38.32425,59.642,88.88875,62.3,2025-08-06
STU-0090,Arjun Menon,2025 · Term 1,Mechanical,1,4.98,2,39.3935,50.952375,37.887874999999994,36.67575,57.758,87.71124999999999,60.7,2025-08-06
STU-0090,Arjun Menon,2025 · Term 2,Mechanical,1,4.65,0,37.9805,49.657125,37.063624999999995,35.02725,55.874,86.53375,59.1,2025-08-06
STU-0091,Rohan Menon,2024 · Term 1,Business Analytics,1,6.95,0,53.005,89.07125,87.23625,43.0725,31.939999999999998,51.137499999999996,42,2025-08-15
STU-0091,Rohan Menon,2024 · Term 2,Business Analytics,1,6.89,0,52.735,88.82375,87.07875,42.7575,31.58,50.912499999999994,41.8,2025-08-15
STU-0091,Rohan Menon,2025 · Term 1,Business Analytics,1,6.82,0,52.465,88.57625,86.92125,42.4425,31.22,50.6875,41.4,2025-08-15
STU-0091,Rohan Menon,2025 · Term 2,Business Analytics,1,6.76,0,52.195,88.32875,86.76375,42.127500000000005,30.86,50.4625,41.2,2025-08-15
STU-0092,Yash Menon,2024 · Term 1,Civil Engineering,1,8.26,0,60.5905,48.999625,90.536125,54.572250000000004,34.754,48.808749999999996,46,2025-08-24
STU-0092,Yash Menon,2024 · Term 2,Civil Engineering,1,8.47,0,61.463499999999996,49.799875,91.04537499999999,55.59075,35.918,49.536249999999995,47,2025-08-24
STU-0092,Yash Menon,2025 · Term 1,Civil Engineering,1,8.67,0,62.3365,50.600125000000006,91.554625,56.60925,37.082,50.26375,48,2025-08-24
STU-0092,Yash Menon,2025 · Term 2,Civil Engineering,1,8.88,0,63.2095,51.400375000000004,92.063875,57.62775,38.246,50.99125,49,2025-08-24
STU-0093,Meera Menon,2024 · Term 1,Computer Science,1,6.13,0,69.076,37.053000000000004,64.861,52.722,90.568,98.03,80.4,2025-08-05
STU-0093,Meera Menon,2024 · Term 2,Computer Science,1,5.9,1,68.092,36.151,64.287,51.574,89.256,97.21,79.3,2025-08-05
STU-0093,Meera Menon,2025 · Term 1,Computer Science,1,5.67,2,67.10799999999999,35.249,63.713,50.426,87.94399999999999,96.39,78.3,2025-08-05
STU-0093,Meera Menon,2025 · Term 2,Computer Science,1,5.44,0,66.124,34.347,63.139,49.278,86.63199999999999,95.57,77.2,2025-08-05
STU-0094,Kiran Menon,2024 · Term 1,Civil Engineering,1,7.28,0,62.6775,74.579375,68.886875,75.67375,58.47,86.68125,73.6,2025-08-26
STU-0094,Kiran Menon,2024 · Term 2,Civil Engineering,1,7.28,0,62.6925,74.593125,68.89562500000001,75.69125,58.49,86.69375000000001,73.6,2025-08-26
STU-0094,Kiran Menon,2025 · Term 1,Civil Engineering,1,7.28,0,62.7075,74.60687499999999,68.904375,75.70875000000001,58.51,86.70625,73.6,2025-08-26
STU-0094,Kiran Menon,2025 · Term 2,Civil Engineering,1,7.29,0,62.722500000000004,74.62062499999999,68.91312500000001,75.72625000000001,58.53,86.71875,73.7,2025-08-26
STU-0095,Avani Menon,2024 · Term 1,Computer Science,1,8.59,0,93.063,83.90775,48.78675,94.9735,66.28399999999999,75.5525,78.9,2025-08-07
STU-0095,Avani Menon,2024 · Term 2,Computer Science,1,8.86,0,94.221,84.96925,49.46225,96.3245,67.82799999999999,76.5175,80.2,2025-08-07
STU-0095,Avani Menon,2025 · Term 1,Computer Science,1,9.13,0,95.37899999999999,86.03075,50.13775,97.6755,69.372,77.4825,81.5,2025-08-07
STU-0095,Avani Menon,2025 · Term 2,Computer Science,1,9.4,0,96.53699999999999,87.09225,50.81325,99.0265,70.916,78.4475,82.8,2025-08-07
STU-0096,Saanvi Menon,2024 · Term 1,Information Technology,1,6.46,1,56.948499999999996,38.361125,52.911624999999994,73.12325,79.49799999999999,50.97375,67.9,2025-08-16
STU-0096,Saanvi Menon,2024 · Term 2,Information Technology,1,6.29,0,56.2495,37.720375,52.503874999999994,72.30775,78.56599999999999,50.39125,67.1,2025-08-16
STU-0096,Saanvi Menon,2025 · Term 1,Information Technology,1,6.13,0,55.5505,37.079625,52.096125,71.49225000000001,77.634,49.80875,66.3,2025-08-16
STU-0096,Saanvi Menon,2025 · Term 2,Information Technology,1,5.97,1,54.8515,36.438874999999996,51.688375,70.67675000000001,76.702,49.22625,65.5,2025-08-16
STU-0097,Aarav Nair,2024 · Term 1,Electronics,1,7.77,0,71.134,90.6895,50.0115,39.022999999999996,67.71199999999999,94.24499999999999,67,2025-08-25
STU-0097,Aarav Nair,2024 · Term 2,Electronics,1,7.87,0,71.578,91.09649999999999,50.2705,39.541,68.30399999999999,94.615,67.5,2025-08-25
STU-0097,Aarav Nair,2025 · Term 1,Electronics,1,7.98,0,72.02199999999999,91.5035,50.5295,40.059,68.896,94.985,68,2025-08-25
STU-0097,Aarav Nair,2025 · Term 2,Electronics,1,8.08,0,72.466,91.9105,50.7885,40.577,69.488,95.355,68.5,2025-08-25
STU-0098,Mira Nair,2024 · Term 1,Civil Engineering,1,5.8,2,40.4035,66.54487499999999,49.210375,65.72075,66.63799999999999,93.08625,75.1,2025-08-22
STU-0098,Mira Nair,2024 · Term 2,Civil Engineering,1,5.5,0,39.1345,65.381625,48.470125,64.24025,64.946,92.02875,73.7,2025-08-22
STU-0098,Mira Nair,2025 · Term 1,Civil Engineering,1,5.21,1,37.8655,64.218375,47.729875,62.75975,63.254,90.97125,72.3,2025-08-22
STU-0098,Mira Nair,2025 · Term 2,Civil Engineering,1,4.91,2,36.5965,63.055125,46.989625000000004,61.27925,61.562,89.91375,70.9,2025-08-22
STU-0099,Maya Nair,2024 · Term 1,Computer Science,1,7.12,0,44.189,68.07325,41.51025,62.2205,92.252,91.5575,82,2025-08-03
STU-0099,Maya Nair,2024 · Term 2,Computer Science,1,7.09,0,44.063,67.95775,41.436749999999996,62.0735,92.084,91.4525,81.9,2025-08-03
STU-0099,Maya Nair,2025 · Term 1,Computer Science,1,7.06,0,43.937,67.84225,41.36325,61.9265,91.916,91.34750000000001,81.7,2025-08-03
STU-0099,Maya Nair,2025 · Term 2,Computer Science,1,7.03,0,43.811,67.72675000000001,41.28975,61.7795,91.748,91.2425,81.6,2025-08-03
STU-0100,Dev Nair,2024 · Term 1,Civil Engineering,1,7.93,1,94.2225,78.195625,78.388125,57.67625,59.53,81.36874999999999,66.2,2025-08-04
STU-0100,Dev Nair,2024 · Term 2,Civil Engineering,1,8.07,0,94.80749999999999,78.731875,78.729375,58.35875,60.31,81.85624999999999,66.8,2025-08-04
STU-0100,Dev Nair,2025 · Term 1,Civil Engineering,1,8.21,0,95.3925,79.268125,79.070625,59.041250000000005,61.09,82.34375,67.5,2025-08-04
STU-0100,Dev Nair,2025 · Term 2,Civil Engineering,1,8.34,0,95.97749999999999,79.804375,79.41187500000001,59.72375,61.870000000000005,82.83125,68.1,2025-08-04
STU-0101,Sara Nair,2024 · Term 1,Computer Science,1,5.8,0,92.908,44.249,97.913,41.426,88.14399999999999,87.19,72.3,2025-08-13
STU-0101,Sara Nair,2024 · Term 2,Computer Science,1,5.5,1,91.636,43.083,97.17099999999999,39.942,86.448,86.13,70.8,2025-08-13
STU-0101,Sara Nair,2025 · Term 1,Computer Science,1,5.2,2,90.364,41.917,96.429,38.458000000000006,84.752,85.07,69.4,2025-08-13
STU-0101,Sara Nair,2025 · Term 2,Computer Science,1,4.91,0,89.092,40.751,95.687,36.974000000000004,83.056,84.00999999999999,68,2025-08-13
STU-0102,Aditi Nair,2024 · Term 1,Mechanical,1,8.75,0,83.75150000000001,69.61387500000001,89.56337500000001,34.426750000000006,94.102,74.27625,67.6,2025-08-14
STU-0102,Aditi Nair,2024 · Term 2,Mechanical,1,9.06,0,85.0505,70.804625,90.32112500000001,35.94225,95.834,75.35875,69,2025-08-14
STU-0102,Aditi Nair,2025 · Term 1,Mechanical,1,9.36,0,86.3495,71.99537500000001,91.078875,37.457750000000004,97.566,76.44125000000001,70.5,2025-08-14
STU-0102,Aditi Nair,2025 · Term 2,Mechanical,1,9.66,0,87.6485,73.186125,91.836625,38.97325,99.298,77.52375,71.9,2025-08-14
STU-0103,Nikhil Nair,2024 · Term 1,Business Analytics,1,6.62,0,37.437000000000005,83.66725000000001,95.48825,69.7765,50.316,55.6975,58.6,2025-08-23
STU-0103,Nikhil Nair,2024 · Term 2,Business Analytics,1,6.49,0,36.879000000000005,83.15575000000001,95.16275,69.1255,49.572,55.2325,58,2025-08-23
STU-0103,Nikhil Nair,2025 · Term 1,Business Analytics,1,6.36,0,36.321,82.64425,94.83725,68.47449999999999,48.828,54.7675,57.4,2025-08-23
STU-0103,Nikhil Nair,2025 · Term 2,Business Analytics,1,6.23,0,35.763,82.13275,94.51175,67.8235,48.084,54.3025,56.7,2025-08-23
STU-0104,Naina Nair,2024 · Term 1,Information Technology,1,6.12,1,47.5805,49.757125,56.963625,84.02725,61.674,98.13375,81.3,2025-08-24
STU-0104,Naina Nair,2024 · Term 2,Information Technology,1,5.89,2,46.5935,48.852374999999995,56.387875,82.87575,60.358000000000004,97.31125,80.2,2025-08-24
STU-0104,Naina Nair,2025 · Term 1,Information Technology,1,5.66,0,45.606500000000004,47.947625,55.812125,81.72425,59.042,96.48875000000001,79.1,2025-08-24
STU-0104,Naina Nair,2025 · Term 2,Information Technology,1,5.43,1,44.6195,47.042874999999995,55.236375,80.57275,57.726000000000006,95.66625,78,2025-08-24
STU-0105,Diya Nair,2024 · Term 1,Electronics,1,7.44,0,85.366,59.085499999999996,51.2635,32.927,45.488,51.405,43.3,2025-08-05
STU-0105,Diya Nair,2024 · Term 2,Electronics,1,7.48,0,85.52199999999999,59.2285,51.3545,33.109,45.696,51.535000000000004,43.4,2025-08-05
STU-0105,Diya Nair,2025 · Term 1,Electronics,1,7.51,0,85.678,59.3715,51.445499999999996,33.291000000000004,45.903999999999996,51.665,43.6,2025-08-05
STU-0105,Diya Nair,2025 · Term 2,Electronics,1,7.55,0,85.83399999999999,59.5145,51.5365,33.473000000000006,46.111999999999995,51.795,43.8,2025-08-05
STU-0106,Vihaan Nair,2024 · Term 1,Civil Engineering,1,6.95,0,64.3095,32.775375,42.538875,44.37775,40.846,80.84125,55.4,2025-08-06
STU-0106,Vihaan Nair,2024 · Term 2,Civil Engineering,1,6.88,0,64.0365,32.525124999999996,42.379625,44.05925,40.482,80.61375,55.1,2025-08-06
STU-0106,Vihaan Nair,2025 · Term 1,Civil Engineering,1,6.82,0,63.7635,32.274875,42.220375,43.74075,40.117999999999995,80.38625,54.7,2025-08-06
STU-0106,Vihaan Nair,2025 · Term 2,Civil Engineering,1,6.75,0,63.4905,32.024625,42.061125,43.42225,39.754,80.15875,54.4,2025-08-06
STU-0107,Akash Nair,2024 · Term 1,Computer Science,1,8.26,0,90.695,93.70375,87.23875,95.87750000000001,64.26,51.7125,70.6,2025-08-15
STU-0107,Akash Nair,2024 · Term 2,Computer Science,1,8.46,0,91.565,94.50125,87.74625,96.89250000000001,65.42,52.4375,71.6,2025-08-15
STU-0107,Akash Nair,2025 · Term 1,Computer Science,1,8.67,1,92.435,95.29875000000001,88.25375,97.9075,66.58,53.162499999999994,72.5,2025-08-15
STU-0107,Akash Nair,2025 · Term 2,Computer Science,1,8.87,0,93.305,96.09625000000001,88.76125,98.9225,67.74,53.887499999999996,73.5,2025-08-15
STU-0108,Neha Nair,2024 · Term 1,Information Technology,1,8.1,0,71.8065,84.597625,77.462125,73.42425,68.44200000000001,44.58875,62.2,2025-08-20
STU-0108,Neha Nair,2024 · Term 2,Information Technology,1,8.27,0,72.5355,85.265875,77.88737499999999,74.27475,69.414,45.19625,63,2025-08-20
STU-0108,Neha Nair,2025 · Term 1,Information Technology,1,8.44,0,73.26450000000001,85.934125,78.312625,75.12525000000001,70.38600000000001,45.80375,63.8,2025-08-20
STU-0108,Neha Nair,2025 · Term 2,Information Technology,1,8.61,0,73.99350000000001,86.602375,78.73787499999999,75.97575,71.358,46.41125,64.6,2025-08-20
STU-0109,Reyansh Nair,2024 · Term 1,Electronics,1,5.96,2,44.692,69.651,75.58699999999999,39.974,39.456,85.61,55,2025-08-01
STU-0109,Reyansh Nair,2024 · Term 2,Electronics,1,5.7,0,43.564,68.61699999999999,74.92899999999999,38.658,37.952000000000005,84.67,53.8,2025-08-01
STU-0109,Reyansh Nair,2025 · Term 1,Electronics,1,5.44,1,42.436,67.583,74.271,37.342,36.448,83.73,52.5,2025-08-01
STU-0109,Reyansh Nair,2025 · Term 2,Electronics,1,5.17,2,41.308,66.54899999999999,73.613,36.026,34.944,82.79,51.3,2025-08-01
STU-0110,Ishaan Nair,2024 · Term 1,Computer Science,1,8.59,0,71.46300000000001,88.50774999999999,67.58675,36.3735,74.28399999999999,50.9525,53.9,2025-08-19
STU-0110,Ishaan Nair,2024 · Term 2,Computer Science,1,8.86,0,72.62100000000001,89.56925,68.26225,37.7245,75.82799999999999,51.9175,55.2,2025-08-19
STU-0110,Ishaan Nair,2025 · Term 1,Computer Science,1,9.13,0,73.779,90.63074999999999,68.93775,39.0755,77.372,52.8825,56.4,2025-08-19
STU-0110,Ishaan Nair,2025 · Term 2,Computer Science,1,9.4,0,74.937,91.69225,69.61325,40.4265,78.916,53.8475,57.7,2025-08-19
STU-0111,Zoya Nair,2024 · Term 1,Civil Engineering,1,7.28,0,47.0775,46.179375,59.686875,52.073750000000004,82.27,81.88125000000001,72.1,2025-08-10
STU-0111,Zoya Nair,2024 · Term 2,Civil Engineering,1,7.28,0,47.0925,46.193125,59.695625,52.09125,82.28999999999999,81.89375000000001,72.1,2025-08-10
STU-0111,Zoya Nair,2025 · Term 1,Civil Engineering,1,7.28,0,47.1075,46.206875000000004,59.704375000000006,52.10875,82.31,81.90625,72.1,2025-08-10
STU-0111,Zoya Nair,2025 · Term 2,Civil Engineering,1,7.29,0,47.1225,46.220625000000005,59.713125000000005,52.12625,82.33,81.91875,72.1,2025-08-10
STU-0112,Amara Nair,2024 · Term 1,Electronics,1,7.77,0,86.73400000000001,86.6895,86.2115,53.823,95.91199999999999,76.445,75.4,2025-08-09
STU-0112,Amara Nair,2024 · Term 2,Electronics,1,7.87,0,87.17800000000001,87.09649999999999,86.4705,54.341,96.50399999999999,76.815,75.9,2025-08-09
STU-0112,Amara Nair,2025 · Term 1,Electronics,1,7.98,0,87.622,87.5035,86.72949999999999,54.859,97.096,77.185,76.4,2025-08-09
STU-0112,Amara Nair,2025 · Term 2,Electronics,1,8.08,0,88.066,87.9105,86.98849999999999,55.377,97.688,77.555,76.9,2025-08-09
STU-0113,Pranav Nair,2024 · Term 1,Information Technology,1,6.46,0,43.348499999999994,92.361125,89.711625,96.52324999999999,73.898,84.17375,84.9,2025-08-28
STU-0113,Pranav Nair,2024 · Term 2,Information Technology,1,6.29,0,42.649499999999996,91.720375,89.30387499999999,95.70774999999999,72.966,83.59125,84.1,2025-08-28
STU-0113,Pranav Nair,2025 · Term 1,Information Technology,1,6.13,0,41.9505,91.07962500000001,88.896125,94.89225,72.034,83.00874999999999,83.3,2025-08-28
STU-0113,Pranav Nair,2025 · Term 2,Information Technology,1,5.97,1,41.2515,90.43887500000001,88.48837499999999,94.07675,71.102,82.42625,82.5,2025-08-28
STU-0114,Tanish Nair,2024 · Term 1,Business Analytics,1,6.95,0,57.405,87.67125,86.03625,31.6725,92.54,67.3375,63.9,2025-08-27
STU-0114,Tanish Nair,2024 · Term 2,Business Analytics,1,6.89,0,57.135,87.42375,85.87875,31.357499999999998,92.18,67.1125,63.6,2025-08-27
STU-0114,Tanish Nair,2025 · Term 1,Business Analytics,1,6.82,0,56.865,87.17625,85.72125,31.0425,91.82,66.8875,63.3,2025-08-27
STU-0114,Tanish Nair,2025 · Term 2,Business Analytics,1,6.76,0,56.595,86.92875,85.56375,30.7275,91.46,66.6625,62.9,2025-08-27
STU-0115,Kavya Nair,2024 · Term 1,Mechanical,1,5.64,0,90.01950000000001,84.342875,38.336375000000004,66.97275,37.326,83.86625,62.7,2025-08-18
STU-0115,Kavya Nair,2024 · Term 2,Mechanical,1,5.31,1,88.60650000000001,83.04762500000001,37.512125000000005,65.32425,35.442,82.68875,61.2,2025-08-18
STU-0115,Kavya Nair,2025 · Term 1,Mechanical,1,4.98,2,87.1935,81.752375,36.687875,63.67575,33.558,81.51124999999999,59.6,2025-08-18
STU-0115,Kavya Nair,2025 · Term 2,Mechanical,1,4.65,0,85.7805,80.457125,35.863625,62.02725,31.674,80.33375,58,2025-08-18
STU-0116,Aditya Nair,2024 · Term 1,Computer Science,1,6.13,0,63.876,74.253,55.260999999999996,84.922,40.568,96.83,74.1,2025-08-17
STU-0116,Aditya Nair,2024 · Term 2,Computer Science,1,5.9,1,62.891999999999996,73.351,54.687,83.774,39.256,96.00999999999999,73,2025-08-17
STU-0116,Aditya Nair,2025 · Term 1,Computer Science,1,5.67,2,61.908,72.44900000000001,54.113,82.626,37.944,95.19,71.9,2025-08-17
STU-0116,Aditya Nair,2025 · Term 2,Computer Science,1,5.44,0,60.924,71.54700000000001,53.539,81.47800000000001,36.632000000000005,94.36999999999999,70.8,2025-08-17
STU-0117,Ananya Nair,2024 · Term 1,Civil Engineering,1,8.26,0,90.7905,59.599624999999996,46.936125000000004,49.172250000000005,44.754,61.60875,51.8,2025-08-08
STU-0117,Ananya Nair,2024 · Term 2,Civil Engineering,1,8.47,0,91.6635,60.399874999999994,47.445375000000006,50.19075,45.918,62.33625,52.8,2025-08-08
STU-0117,Ananya Nair,2025 · Term 1,Civil Engineering,1,8.67,0,92.53649999999999,61.200125,47.954625,51.209250000000004,47.082,63.063750000000006,53.8,2025-08-08
STU-0117,Ananya Nair,2025 · Term 2,Civil Engineering,1,8.88,0,93.4095,62.000375,48.463875,52.22775,48.246,63.791250000000005,54.8,2025-08-08
STU-0118,Rhea Nair,2024 · Term 1,Business Analytics,1,8.43,0,63.07899999999999,48.30575,46.11275,79.0255,42.772,76.13250000000001,66,2025-08-03
STU-0118,Rhea Nair,2024 · Term 2,Business Analytics,1,8.66,0,64.09299999999999,49.23525,46.70425,80.2085,44.123999999999995,76.9775,67.1,2025-08-03
STU-0118,Rhea Nair,2025 · Term 1,Business Analytics,1,8.9,0,65.107,50.164750000000005,47.29575,81.3915,45.476,77.8225,68.2,2025-08-03
STU-0118,Rhea Nair,2025 · Term 2,Business Analytics,1,9.14,0,66.121,51.09425,47.88725,82.5745,46.827999999999996,78.6675,69.4,2025-08-03
STU-0119,Tara Nair,2024 · Term 1,Mechanical,1,7.11,0,83.2935,33.377375,47.612875,64.92575000000001,76.158,51.261250000000004,64.1,2025-08-22
STU-0119,Tara Nair,2024 · Term 2,Mechanical,1,7.08,0,83.16449999999999,33.259125000000004,47.537625,64.77525,75.986,51.15375,64,2025-08-22
STU-0119,Tara Nair,2025 · Term 1,Mechanical,1,7.05,1,83.0355,33.140875,47.462375,64.62475,75.81400000000001,51.04625,63.8,2025-08-22
STU-0119,Tara Nair,2025 · Term 2,Mechanical,1,7.02,0,82.9065,33.022625000000005,47.387125,64.47425,75.64200000000001,50.93875,63.7,2025-08-22
STU-0120,Kabir Nair,2024 · Term 1,Information Technology,1,5.8,1,41.2035,95.54487499999999,67.410375,62.320750000000004,61.638,53.28625,59.1,2025-08-06
STU-0120,Kabir Nair,2024 · Term 2,Information Technology,1,5.5,2,39.9345,94.381625,66.670125,60.840250000000005,59.946,52.228750000000005,57.7,2025-08-06
STU-0120,Kabir Nair,2025 · Term 1,Information Technology,1,5.21,0,38.665499999999994,93.218375,65.929875,59.35975,58.254000000000005,51.17125,56.3,2025-08-06
STU-0120,Kabir Nair,2025 · Term 2,Information Technology,1,4.91,1,37.396499999999996,92.055125,65.18962499999999,57.87925,56.562000000000005,50.11375,54.9,2025-08-06
STU-0121,Esha Nair,2024 · Term 1,Electronics,1,7.12,0,45.789,72.27324999999999,47.51025,92.6205,87.452,97.3575,92.5,2025-08-15
STU-0121,Esha Nair,2024 · Term 2,Electronics,1,7.09,0,45.663000000000004,72.15775,47.436749999999996,92.4735,87.284,97.2525,92.3,2025-08-15
STU-0121,Esha Nair,2025 · Term 1,Electronics,1,7.06,0,45.537,72.04225,47.36325,92.32650000000001,87.116,97.14750000000001,92.2,2025-08-15
STU-0121,Esha Nair,2025 · Term 2,Electronics,1,7.03,0,45.411,71.92675,47.28975,92.1795,86.94800000000001,97.0425,92.1,2025-08-15
STU-0122,Arjun Nair,2024 · Term 1,Mechanical,1,8.43,0,33.1745,71.601625,35.610125000000004,30.920250000000003,78.06599999999999,57.028749999999995,55.3,2025-08-24
STU-0122,Arjun Nair,2024 · Term 2,Mechanical,1,8.67,0,34.191500000000005,72.533875,36.203375,32.106750000000005,79.422,57.87625,56.5,2025-08-24
STU-0122,Arjun Nair,2025 · Term 1,Mechanical,1,8.9,0,35.2085,73.466125,36.796625,33.29325,80.77799999999999,58.723749999999995,57.6,2025-08-24
STU-0122,Arjun Nair,2025 · Term 2,Mechanical,1,9.14,0,36.225500000000004,74.398375,37.389874999999996,34.47975,82.134,59.57125,58.7,2025-08-24
STU-0123,Rohan Nair,2024 · Term 1,Business Analytics,1,6.29,0,85.66000000000001,51.455,91.335,85.47,47.28,58.849999999999994,63.9,2025-08-05
STU-0123,Rohan Nair,2024 · Term 2,Business Analytics,1,6.1,2,84.82000000000001,50.684999999999995,90.845,84.49,46.160000000000004,58.15,62.9,2025-08-05
STU-0123,Rohan Nair,2025 · Term 1,Business Analytics,1,5.9,0,83.98,49.915,90.35499999999999,83.51,45.04,57.449999999999996,62,2025-08-05
STU-0123,Rohan Nair,2025 · Term 2,Business Analytics,1,5.71,1,83.14,49.144999999999996,89.865,82.53,43.92,56.75,61.1,2025-08-05
STU-0124,Yash Nair,2024 · Term 1,Mechanical,1,7.44,0,88.2615,45.381375,86.560875,45.22175,40.182,79.30125,54.9,2025-08-26
STU-0124,Yash Nair,2024 · Term 2,Mechanical,1,7.48,0,88.4205,45.527125,86.653625,45.40725,40.394,79.43375,55.1,2025-08-26
STU-0124,Yash Nair,2025 · Term 1,Mechanical,1,7.52,0,88.5795,45.672875000000005,86.746375,45.59275,40.606,79.56625,55.3,2025-08-26
STU-0124,Yash Nair,2025 · Term 2,Mechanical,1,7.55,0,88.7385,45.818625000000004,86.83912500000001,45.77825,40.818,79.69875,55.4,2025-08-26
STU-0125,Meera Nair,2024 · Term 1,Business Analytics,1,8.76,0,46.247,91.50975,93.66075,84.5215,87.996,39.972500000000004,70.8,2025-08-07
STU-0125,Meera Nair,2024 · Term 2,Business Analytics,1,9.06,0,47.549,92.70325,94.42025,86.0405,89.732,41.057500000000005,72.3,2025-08-07
STU-0125,Meera Nair,2025 · Term 1,Business Analytics,1,9.36,0,48.851000000000006,93.89675,95.17975,87.5595,91.46799999999999,42.1425,73.7,2025-08-07
STU-0125,Meera Nair,2025 · Term 2,Business Analytics,1,9.67,0,50.153000000000006,95.09025,95.93925,89.07849999999999,93.204,43.2275,75.2,2025-08-07
STU-0126,Kiran Nair,2024 · Term 1,Civil Engineering,1,6.62,0,93.1325,75.363125,98.385625,51.271249999999995,81.41,81.79374999999999,71.5,2025-08-16
STU-0126,Kiran Nair,2024 · Term 2,Civil Engineering,1,6.49,0,92.5775,74.85437499999999,98.061875,50.623749999999994,80.67,81.33125,70.9,2025-08-16
STU-0126,Kiran Nair,2025 · Term 1,Civil Engineering,1,6.36,0,92.0225,74.345625,97.73812500000001,49.97625,79.92999999999999,80.86874999999999,70.3,2025-08-16
STU-0126,Kiran Nair,2025 · Term 2,Civil Engineering,1,6.23,0,91.4675,73.83687499999999,97.414375,49.32875,79.19,80.40625,69.6,2025-08-16
STU-0127,Avani Nair,2024 · Term 1,Computer Science,1,7.94,0,42.718,52.2915,36.2855,88.971,60.024,95.265,81.4,2025-08-25
STU-0127,Avani Nair,2024 · Term 2,Computer Science,1,8.07,1,43.306000000000004,52.8305,36.628499999999995,89.657,60.808,95.755,82.1,2025-08-25
STU-0127,Avani Nair,2025 · Term 1,Computer Science,1,8.21,0,43.894,53.3695,36.9715,90.343,61.592000000000006,96.245,82.7,2025-08-25
STU-0127,Avani Nair,2025 · Term 2,Computer Science,1,8.35,0,44.482,53.908500000000004,37.314499999999995,91.029,62.376000000000005,96.735,83.4,2025-08-25
STU-0128,Saanvi Nair,2024 · Term 1,Civil Engineering,2,5.64,2,94.6195,90.342875,64.53637499999999,36.57275,50.126,69.46625,52.1,2025-08-18
STU-0128,Saanvi Nair,2024 · Term 2,Civil Engineering,2,5.31,0,93.2065,89.04762500000001,63.712125,34.92425,48.242,68.28875000000001,50.5,2025-08-18
STU-0128,Saanvi Nair,2025 · Term 1,Civil Engineering,2,4.98,1,91.7935,87.752375,62.887874999999994,33.27575,46.358,67.11125,48.9,2025-08-18
STU-0128,Saanvi Nair,2025 · Term 2,Civil Engineering,2,4.65,2,90.3805,86.457125,62.063624999999995,31.627250000000004,44.474,65.93375,47.3,2025-08-18
STU-0129,Aarav Shah,2024 · Term 1,Computer Science,2,6.95,0,54.805,80.27125000000001,61.63625,68.2725,90.54,61.5375,73.5,2025-08-27
STU-0129,Aarav Shah,2024 · Term 2,Computer Science,2,6.89,0,54.535,80.02375,61.47875,67.9575,90.18,61.3125,73.1,2025-08-27
STU-0129,Aarav Shah,2025 · Term 1,Computer Science,2,6.82,0,54.265,79.77625,61.32125,67.6425,89.82,61.087500000000006,72.8,2025-08-27
STU-0129,Aarav Shah,2025 · Term 2,Computer Science,2,6.76,0,53.995,79.52875,61.16375,67.3275,89.46,60.862500000000004,72.5,2025-08-27
STU-0130,Mira Shah,2024 · Term 1,Business Analytics,2,5.66,1,87.488,98.614,54.017999999999994,93.23599999999999,89.784,50.74,77.9,2025-08-25
STU-0130,Mira Shah,2024 · Term 2,Business Analytics,2,5.33,2,86.096,97.33800000000001,53.205999999999996,91.612,87.928,49.58,76.4,2025-08-25
STU-0130,Mira Shah,2025 · Term 1,Business Analytics,2,5.01,0,84.70400000000001,96.062,52.394,89.988,86.072,48.42,74.8,2025-08-25
STU-0130,Mira Shah,2025 · Term 2,Business Analytics,2,4.68,1,83.31200000000001,94.786,51.582,88.364,84.216,47.26,73.3,2025-08-25
STU-0131,Maya Shah,2024 · Term 1,Mechanical,2,7.79,0,37.002500000000005,69.760625,79.493125,68.28625,79.77,76.11875,74.7,2025-08-16
STU-0131,Maya Shah,2024 · Term 2,Mechanical,2,7.9,0,37.4675,70.186875,79.764375,68.82875,80.39,76.50625000000001,75.2,2025-08-16
STU-0131,Maya Shah,2025 · Term 1,Mechanical,2,8.01,0,37.932500000000005,70.61312500000001,80.03562500000001,69.37124999999999,81.01,76.89375,75.8,2025-08-16
STU-0131,Maya Shah,2025 · Term 2,Mechanical,2,8.12,0,38.3975,71.039375,80.306875,69.91375,81.63000000000001,77.28125,76.3,2025-08-16
STU-0132,Dev Shah,2024 · Term 1,Electronics,2,6.48,0,77.217,40.83225,67.39325,57.5865,56.556000000000004,88.6475,67.6,2025-08-07
STU-0132,Dev Shah,2024 · Term 2,Electronics,2,6.32,0,76.539,40.21075,66.99775,56.7955,55.652,88.0825,66.8,2025-08-07
STU-0132,Dev Shah,2025 · Term 1,Electronics,2,6.16,1,75.861,39.58925,66.60225,56.0045,54.748000000000005,87.5175,66.1,2025-08-07
STU-0132,Dev Shah,2025 · Term 2,Electronics,2,6.01,2,75.183,38.967749999999995,66.20675,55.213499999999996,53.844,86.9525,65.3,2025-08-07
STU-0133,Sara Shah,2024 · Term 1,Information Technology,2,8.62,0,88.33149999999999,88.778875,33.268375,52.836749999999995,82.74199999999999,96.22625000000001,77.3,2025-08-26
STU-0133,Sara Shah,2024 · Term 2,Information Technology,2,8.89,0,89.5105,89.85962500000001,33.956125,54.21225,84.314,97.20875000000001,78.6,2025-08-26
STU-0133,Sara Shah,2025 · Term 1,Information Technology,2,9.17,0,90.6895,90.940375,34.643874999999994,55.58775,85.886,98.19125,79.9,2025-08-26
STU-0133,Sara Shah,2025 · Term 2,Information Technology,2,9.44,0,91.8685,92.02112500000001,35.331624999999995,56.96325,87.458,99.17375,81.2,2025-08-26
STU-0134,Aditi Shah,2024 · Term 1,Computer Science,2,7.3,0,44.946,68.65050000000001,61.3685,78.137,31.928,70.955,60.3,2025-08-17
STU-0134,Aditi Shah,2024 · Term 2,Computer Science,2,7.31,0,44.982,68.68350000000001,61.3895,78.179,31.976,70.985,60.4,2025-08-17
STU-0134,Aditi Shah,2025 · Term 1,Computer Science,2,7.32,0,45.018,68.7165,61.4105,78.221,32.024,71.015,60.4,2025-08-17
STU-0134,Aditi Shah,2025 · Term 2,Computer Science,2,7.33,0,45.054,68.7495,61.4315,78.263,32.072,71.045,60.5,2025-08-17
STU-0135,Nikhil Shah,2024 · Term 1,Civil Engineering,2,5.99,2,39.7605,65.92212500000001,98.468625,70.03725,90.714,91.88375,84.2,2025-08-08
STU-0135,Nikhil Shah,2024 · Term 2,Civil Engineering,2,5.73,0,38.6535,64.907375,97.822875,68.74575,89.238,90.96125,83,2025-08-08
STU-0135,Nikhil Shah,2025 · Term 1,Civil Engineering,2,5.47,1,37.5465,63.892625,97.177125,67.45424999999999,87.762,90.03875,81.8,2025-08-08
STU-0135,Nikhil Shah,2025 · Term 2,Civil Engineering,2,5.21,2,36.4395,62.877875,96.531375,66.16274999999999,86.286,89.11625,80.5,2025-08-08
STU-0136,Naina Shah,2024 · Term 1,Business Analytics,2,8.12,0,73.675,66.86875,61.14375,39.4875,33.7,62.0625,45.1,2025-08-27
STU-0136,Naina Shah,2024 · Term 2,Business Analytics,2,8.3,0,74.425,67.55625,61.58125,40.3625,34.7,62.6875,45.9,2025-08-27
STU-0136,Naina Shah,2025 · Term 1,Business Analytics,2,8.47,0,75.175,68.24375,62.01875,41.2375,35.7,63.3125,46.8,2025-08-27
STU-0136,Naina Shah,2025 · Term 2,Business Analytics,2,8.65,0,75.925,68.93125,62.45625,42.1125,36.7,63.9375,47.6,2025-08-27
STU-0137,Diya Shah,2024 · Term 1,Mechanical,2,6.81,1,65.8895,65.540375,91.643875,54.98775,78.686,82.59124999999999,72.1,2025-08-18
STU-0137,Diya Shah,2024 · Term 2,Mechanical,2,6.72,0,65.4965,65.180125,91.414625,54.52925,78.162,82.26374999999999,71.7,2025-08-18
STU-0137,Diya Shah,2025 · Term 1,Mechanical,2,6.62,0,65.1035,64.819875,91.185375,54.07075,77.638,81.93625,71.2,2025-08-18
STU-0137,Diya Shah,2025 · Term 2,Mechanical,2,6.53,0,64.7105,64.459625,90.956125,53.612249999999996,77.114,81.60875,70.8,2025-08-18
STU-0138,Vihaan Shah,2024 · Term 1,Electronics,2,8.94,0,41.804,74.28699999999999,35.919000000000004,45.638000000000005,37.272000000000006,46.97,43.3,2025-08-09
STU-0138,Vihaan Shah,2024 · Term 2,Electronics,2,9.29,0,43.268,75.62899999999999,36.773,47.346000000000004,39.224000000000004,48.19,44.9,2025-08-09
STU-0138,Vihaan Shah,2025 · Term 1,Electronics,2,9.63,0,44.732,76.971,37.627,49.054,41.176,49.41,46.5,2025-08-09
STU-0138,Vihaan Shah,2025 · Term 2,Electronics,2,9.97,0,46.196,78.313,38.481,50.762,43.128,50.629999999999995,48.2,2025-08-09
STU-0139,Akash Shah,2024 · Term 1,Information Technology,2,7.63,0,77.8185,39.958625,52.219125,42.538250000000005,88.058,58.09875,62.9,2025-08-28
STU-0139,Akash Shah,2024 · Term 2,Information Technology,2,7.7,0,78.1395,40.252874999999996,52.406375,42.91275,88.486,58.36625,63.3,2025-08-28
STU-0139,Akash Shah,2025 · Term 1,Information Technology,2,7.78,0,78.4605,40.547125,52.593625,43.28725,88.914,58.63375,63.6,2025-08-28
STU-0139,Akash Shah,2025 · Term 2,Information Technology,2,7.85,0,78.7815,40.841375,52.780875,43.66175,89.342,58.90125,64,2025-08-28
STU-0140,Neha Shah,2024 · Term 1,Mechanical,2,5.74,0,74.4845,79.219125,67.057625,83.41525,93.746,95.35375,90.8,2025-08-28
STU-0140,Neha Shah,2024 · Term 2,Mechanical,2,5.43,1,73.1615,78.006375,66.285875,81.87174999999999,91.982,94.25125,89.4,2025-08-28
STU-0140,Neha Shah,2025 · Term 1,Mechanical,2,5.12,2,71.8385,76.793625,65.514125,80.32825,90.21799999999999,93.14875,87.9,2025-08-28
STU-0140,Neha Shah,2025 · Term 2,Mechanical,2,4.81,0,70.5155,75.580875,64.74237500000001,78.78474999999999,88.454,92.04625,86.4,2025-08-28
STU-0141,Reyansh Shah,2024 · Term 1,Business Analytics,2,7.05,0,83.07,81.9475,96.9575,94.91499999999999,34.96,74.425,68.1,2025-08-09
STU-0141,Reyansh Shah,2024 · Term 2,Business Analytics,2,7.01,1,82.89,81.7825,96.85249999999999,94.705,34.72,74.275,67.9,2025-08-09
STU-0141,Reyansh Shah,2025 · Term 1,Business Analytics,2,6.97,0,82.71,81.6175,96.7475,94.49499999999999,34.480000000000004,74.125,67.7,2025-08-09
STU-0141,Reyansh Shah,2025 · Term 2,Business Analytics,2,6.93,0,82.53,81.4525,96.6425,94.285,34.24,73.97500000000001,67.5,2025-08-09
STU-0142,Ishaan Shah,2024 · Term 1,Information Technology,2,6.56,0,33.6135,82.237375,60.232875,68.36574999999999,81.718,86.06125,78.7,2025-08-10
STU-0142,Ishaan Shah,2024 · Term 2,Information Technology,2,6.42,0,33.0045,81.679125,59.877625,67.65525,80.906,85.55375,78,2025-08-10
STU-0142,Ishaan Shah,2025 · Term 1,Information Technology,2,6.28,0,32.395500000000006,81.12087500000001,59.522375000000004,66.94475,80.094,85.04625,77.4,2025-08-10
STU-0142,Ishaan Shah,2025 · Term 2,Information Technology,2,6.13,1,31.786500000000004,80.56262500000001,59.167125000000006,66.23425,79.282,84.53875,76.7,2025-08-10
STU-0143,Zoya Shah,2024 · Term 1,Electronics,2,7.87,0,44.799,80.16575,96.73275,52.8655,33.332,62.1325,49.4,2025-08-19
STU-0143,Zoya Shah,2024 · Term 2,Electronics,2,8,0,45.333,80.65525000000001,97.04425,53.488499999999995,34.044,62.5775,50,2025-08-19
STU-0143,Zoya Shah,2025 · Term 1,Electronics,2,8.12,0,45.867000000000004,81.14475,97.35575,54.1115,34.756,63.022499999999994,50.6,2025-08-19
STU-0143,Zoya Shah,2025 · Term 2,Electronics,2,8.25,0,46.401,81.63425000000001,97.66725000000001,54.7345,35.467999999999996,63.467499999999994,51.2,2025-08-19
STU-0144,Amara Shah,2024 · Term 1,Information Technology,2,7.55,0,75.12650000000001,83.057625,48.082125,81.66425,82.80199999999999,79.58875,81.4,2025-08-08
STU-0144,Amara Shah,2024 · Term 2,Information Technology,2,7.6,0,75.3755,83.285875,48.227374999999995,81.95474999999999,83.134,79.79625,81.6,2025-08-08
STU-0144,Amara Shah,2025 · Term 1,Information Technology,2,7.66,0,75.6245,83.514125,48.372625,82.24525,83.466,80.00375000000001,81.9,2025-08-08
STU-0144,Amara Shah,2025 · Term 2,Information Technology,2,7.72,0,75.87349999999999,83.74237500000001,48.517875,82.53575,83.798,80.21125,82.2,2025-08-08
STU-0145,Pranav Shah,2024 · Term 1,Electronics,2,8.86,0,54.112,44.186,86.982,37.764,86.81599999999999,50.46,58.3,2025-08-17
STU-0145,Pranav Shah,2024 · Term 2,Electronics,2,9.19,0,55.504000000000005,45.462,87.794,39.388000000000005,88.672,51.620000000000005,59.9,2025-08-17
STU-0145,Pranav Shah,2025 · Term 1,Electronics,2,9.51,0,56.896,46.738,88.60600000000001,41.012,90.52799999999999,52.78,61.4,2025-08-17
STU-0145,Pranav Shah,2025 · Term 2,Electronics,2,9.84,0,58.288000000000004,48.014,89.418,42.636,92.384,53.940000000000005,63,2025-08-17
STU-0146,Tanish Shah,2024 · Term 1,Civil Engineering,2,8.37,0,59.4555,38.475874999999995,68.857375,66.21475000000001,82.374,32.69625,60.4,2025-08-18
STU-0146,Tanish Shah,2024 · Term 2,Civil Engineering,2,8.59,0,60.4185,39.358624999999996,69.41912500000001,67.33825,83.658,33.49875,61.5,2025-08-18
STU-0146,Tanish Shah,2025 · Term 1,Civil Engineering,2,8.82,0,61.381499999999996,40.241375,69.980875,68.46175000000001,84.942,34.301249999999996,62.6,2025-08-18
STU-0146,Tanish Shah,2025 · Term 2,Civil Engineering,2,9.04,0,62.3445,41.124125,70.542625,69.58525,86.226,35.10375,63.6,2025-08-18
STU-0147,Kavya Shah,2024 · Term 1,Computer Science,2,6.23,0,44.941,54.12925,35.98225,70.9645,56.187999999999995,92.1175,73.1,2025-08-27
STU-0147,Kavya Shah,2024 · Term 2,Computer Science,2,6.02,1,44.047000000000004,53.30975,35.460750000000004,69.92150000000001,54.995999999999995,91.3725,72.1,2025-08-27
STU-0147,Kavya Shah,2025 · Term 1,Computer Science,2,5.81,2,43.153,52.490249999999996,34.93925,68.8785,53.804,90.6275,71.1,2025-08-27
STU-0147,Kavya Shah,2025 · Term 2,Computer Science,2,5.61,0,42.259,51.67075,34.417750000000005,67.83550000000001,52.612,89.8825,70.1,2025-08-27
STU-0148,Aditya Shah,2024 · Term 1,Information Technology,2,9.02,0,65.2005,91.092125,71.758625,77.01725,89.234,80.78375,82.3,2025-08-12
STU-0148,Aditya Shah,2024 · Term 2,Information Technology,2,9.38,0,66.7335,92.497375,72.652875,78.80575,91.27799999999999,82.06125,84,2025-08-12
STU-0148,Aditya Shah,2025 · Term 1,Information Technology,2,9.74,0,68.2665,93.902625,73.547125,80.59425,93.322,83.33875,85.8,2025-08-12
STU-0148,Aditya Shah,2025 · Term 2,Information Technology,2,10,0,69.7995,95.30787500000001,74.441375,82.38275,95.366,84.61625000000001,87.5,2025-08-12
STU-0149,Ananya Shah,2024 · Term 1,Electronics,2,6.89,0,85.286,78.74549999999999,40.683499999999995,75.767,47.648,59.605000000000004,61,2025-08-21
STU-0149,Ananya Shah,2024 · Term 2,Electronics,2,6.81,0,84.962,78.4485,40.494499999999995,75.389,47.216,59.335,60.6,2025-08-21
STU-0149,Ananya Shah,2025 · Term 1,Electronics,2,6.74,0,84.63799999999999,78.1515,40.3055,75.01100000000001,46.784,59.065000000000005,60.3,2025-08-21
STU-0149,Ananya Shah,2025 · Term 2,Electronics,2,6.66,0,84.314,77.8545,40.1165,74.63300000000001,46.352,58.795,59.9,2025-08-21
STU-0150,Rhea Shah,2024 · Term 1,Business Analytics,2,6.4,0,68.125,42.93125,81.65625,63.5125,95.5,59.1375,72.7,2025-08-15
STU-0150,Rhea Shah,2024 · Term 2,Business Analytics,2,6.22,0,67.375,42.24375,81.21875,62.6375,94.5,58.5125,71.9,2025-08-15
STU-0150,Rhea Shah,2025 · Term 1,Business Analytics,2,6.05,0,66.625,41.55625,80.78125,61.7625,93.5,57.8875,71,2025-08-15
STU-0150,Rhea Shah,2025 · Term 2,Business Analytics,2,5.87,1,65.875,40.86875,80.34375,60.8875,92.5,57.2625,70.2,2025-08-15
STU-0151,Tara Shah,2024 · Term 1,Mechanical,2,8.53,0,68.4395,91.877875,74.331375,57.762750000000004,83.686,49.51625,63.7,2025-08-06
STU-0151,Tara Shah,2024 · Term 2,Mechanical,2,8.79,0,69.5465,92.89262500000001,74.977125,59.05425,85.162,50.43875,64.9,2025-08-06
STU-0151,Tara Shah,2025 · Term 1,Mechanical,2,9.05,0,70.6535,93.907375,75.622875,60.34575,86.638,51.36125,66.1,2025-08-06
STU-0151,Tara Shah,2025 · Term 2,Mechanical,2,9.31,0,71.7605,94.92212500000001,76.268625,61.63725,88.114,52.28375,67.3,2025-08-06
STU-0152,Kabir Shah,2024 · Term 1,Computer Science,2,9.03,0,35.296,42.588,68.256,76.91199999999999,33.928,38.48,49.8,2025-08-05
STU-0152,Kabir Shah,2024 · Term 2,Computer Science,2,9.38,0,36.832,43.996,69.152,78.704,35.976,39.76,51.5,2025-08-05
STU-0152,Kabir Shah,2025 · Term 1,Computer Science,2,9.74,0,38.368,45.404,70.04799999999999,80.496,38.024,41.04,53.2,2025-08-05
STU-0152,Kabir Shah,2025 · Term 2,Computer Science,2,10,0,39.904,46.812000000000005,70.94399999999999,82.288,40.072,42.32,54.9,2025-08-05
STU-0153,Esha Shah,2024 · Term 1,Civil Engineering,2,7.71,0,37.5105,41.059625000000004,42.756125000000004,54.21225,45.714,56.20875,52,2025-08-24
STU-0153,Esha Shah,2024 · Term 2,Civil Engineering,2,7.8,0,37.9035,41.419875000000005,42.985375000000005,54.67075,46.238,56.53625,52.5,2025-08-24
STU-0153,Esha Shah,2025 · Term 1,Civil Engineering,2,7.9,0,38.2965,41.780125,43.214625,55.12925,46.762,56.86375,52.9,2025-08-24
STU-0153,Esha Shah,2025 · Term 2,Civil Engineering,2,7.99,0,38.6895,42.140375,43.443875,55.58775,47.286,57.191250000000004,53.4,2025-08-24
STU-0154,Arjun Shah,2024 · Term 1,Computer Science,2,8.04,0,84.583,47.56775,33.80675,55.4135,70.244,46.9525,57.5,2025-08-07
STU-0154,Arjun Shah,2024 · Term 2,Computer Science,2,8.2,0,85.261,48.18925,34.20225,56.2045,71.148,47.5175,58.3,2025-08-07
STU-0154,Arjun Shah,2025 · Term 1,Computer Science,2,8.36,0,85.939,48.81075,34.59775,56.9955,72.05199999999999,48.082499999999996,59,2025-08-07
STU-0154,Arjun Shah,2025 · Term 2,Computer Science,2,8.51,0,86.61699999999999,49.43225,34.993249999999996,57.786500000000004,72.95599999999999,48.647499999999994,59.8,2025-08-07
STU-0155,Rohan Shah,2024 · Term 1,Civil Engineering,2,6.73,0,58.3975,88.239375,94.506875,77.11375,57.83,32.28125,55.7,2025-08-26
STU-0155,Rohan Shah,2024 · Term 2,Civil Engineering,2,6.62,0,57.932500000000005,87.813125,94.235625,76.57124999999999,57.21,31.89375,55.2,2025-08-26
STU-0155,Rohan Shah,2025 · Term 1,Civil Engineering,2,6.51,0,57.4675,87.38687499999999,93.96437499999999,76.02875,56.589999999999996,31.506249999999998,54.7,2025-08-26
STU-0155,Rohan Shah,2025 · Term 2,Civil Engineering,2,6.4,0,57.002500000000005,86.960625,93.693125,75.48625,55.97,31.11875,54.2,2025-08-26
STU-0156,Yash Shah,2024 · Term 1,Electronics,2,7.22,0,94.654,52.749500000000005,48.8315,76.263,88.072,63.645,76,2025-08-25
STU-0156,Yash Shah,2024 · Term 2,Electronics,2,7.21,0,94.618,52.7165,48.8105,76.221,88.024,63.615,76,2025-08-25
STU-0156,Yash Shah,2025 · Term 1,Electronics,2,7.2,0,94.582,52.6835,48.7895,76.179,87.976,63.585,75.9,2025-08-25
STU-0156,Yash Shah,2025 · Term 2,Electronics,2,7.19,0,94.54599999999999,52.6505,48.768499999999996,76.137,87.928,63.555,75.9,2025-08-25
STU-0157,Meera Shah,2024 · Term 1,Information Technology,2,5.9,1,66.8685,46.021125,65.531625,89.16324999999999,88.25800000000001,83.37375,86.9,2025-08-16
STU-0157,Meera Shah,2024 · Term 2,Information Technology,2,5.63,2,65.6895,44.940374999999996,64.843875,87.78774999999999,86.686,82.39125,85.6,2025-08-16
STU-0157,Meera Shah,2025 · Term 1,Information Technology,2,5.35,0,64.5105,43.859625,64.156125,86.41225,85.114,81.40875000000001,84.3,2025-08-16
STU-0157,Meera Shah,2025 · Term 2,Information Technology,2,5.08,1,63.33149999999999,42.778875,63.468375,85.03675,83.542,80.42625000000001,83,2025-08-16
STU-0158,Kiran Shah,2024 · Term 1,Electronics,2,6.23,0,43.741,81.92925,79.18225000000001,70.16449999999999,51.587999999999994,97.9175,73.2,2025-08-27
STU-0158,Kiran Shah,2024 · Term 2,Electronics,2,6.02,0,42.847,81.10975,78.66075000000001,69.1215,50.395999999999994,97.1725,72.2,2025-08-27
STU-0158,Kiran Shah,2025 · Term 1,Electronics,2,5.81,1,41.952999999999996,80.29025,78.13925,68.07849999999999,49.204,96.4275,71.2,2025-08-27
STU-0158,Kiran Shah,2025 · Term 2,Electronics,2,5.61,2,41.059,79.47075000000001,77.61775,67.0355,48.012,95.68249999999999,70.2,2025-08-27
STU-0159,Avani Shah,2024 · Term 1,Information Technology,2,8.37,0,91.4555,42.275875,58.257375,69.21475000000001,52.174,60.29625,60.6,2025-08-18
STU-0159,Avani Shah,2024 · Term 2,Information Technology,2,8.59,0,92.41850000000001,43.158625,58.819125,70.33825,53.458,61.09875,61.6,2025-08-18
STU-0159,Avani Shah,2025 · Term 1,Information Technology,2,8.82,0,93.3815,44.041375,59.380875,71.46175000000001,54.742000000000004,61.90125,62.7,2025-08-18
STU-0159,Avani Shah,2025 · Term 2,Information Technology,2,9.04,0,94.34450000000001,44.924125000000004,59.942625,72.58525,56.026,62.70375,63.8,2025-08-18
STU-0160,Saanvi Shah,2024 · Term 1,Mechanical,2,6.39,0,92.42949999999999,46.635375,48.758875,93.01775,67.606,42.44125,67.7,2025-08-22
STU-0160,Saanvi Shah,2024 · Term 2,Mechanical,2,6.22,0,91.67649999999999,45.945125000000004,48.319625,92.13925,66.60199999999999,41.81375,66.9,2025-08-22
STU-0160,Saanvi Shah,2025 · Term 1,Mechanical,2,6.04,2,90.9235,45.254875,47.880375,91.26075,65.598,41.18625,66,2025-08-22
STU-0160,Saanvi Shah,2025 · Term 2,Mechanical,2,5.87,0,90.1705,44.564625,47.441125,90.38225,64.594,40.55875,65.2,2025-08-22
STU-0161,Aarav Mehta,2024 · Term 1,Business Analytics,2,7.71,0,93.015,60.363749999999996,43.458749999999995,92.5175,87.82,62.5125,80.9,2025-08-03
STU-0161,Aarav Mehta,2024 · Term 2,Business Analytics,2,7.8,0,93.405,60.72125,43.686249999999994,92.9725,88.33999999999999,62.8375,81.4,2025-08-03
STU-0161,Aarav Mehta,2025 · Term 1,Business Analytics,2,7.89,0,93.79499999999999,61.07875,43.91375,93.42750000000001,88.86,63.1625,81.8,2025-08-03
STU-0161,Aarav Mehta,2025 · Term 2,Business Analytics,2,7.98,1,94.18499999999999,61.43625,44.14125,93.88250000000001,89.38,63.4875,82.3,2025-08-03
STU-0162,Mira Mehta,2024 · Term 1,Civil Engineering,2,9.02,0,39.4005,95.69212499999999,74.758625,41.41725,92.834,90.98375,75.1,2025-08-12
STU-0162,Mira Mehta,2024 · Term 2,Civil Engineering,2,9.38,0,40.9335,97.097375,75.652875,43.20575,94.878,92.26125,76.8,2025-08-12
STU-0162,Mira Mehta,2025 · Term 1,Civil Engineering,2,9.74,0,42.4665,98.502625,76.547125,44.99425,96.92200000000001,93.53875000000001,78.5,2025-08-12
STU-0162,Mira Mehta,2025 · Term 2,Civil Engineering,2,10,0,43.999500000000005,99.907875,77.441375,46.78275,98.96600000000001,94.81625000000001,80.2,2025-08-12
STU-0163,Maya Mehta,2024 · Term 1,Computer Science,2,6.89,0,38.285999999999994,97.9455,47.083499999999994,92.16699999999999,60.848000000000006,66.805,73.3,2025-08-21
STU-0163,Maya Mehta,2024 · Term 2,Computer Science,2,6.81,0,37.961999999999996,97.6485,46.894499999999994,91.78899999999999,60.416000000000004,66.53500000000001,72.9,2025-08-21
STU-0163,Maya Mehta,2025 · Term 1,Computer Science,2,6.74,0,37.638,97.3515,46.7055,91.411,59.984,66.265,72.6,2025-08-21
STU-0163,Maya Mehta,2025 · Term 2,Computer Science,2,6.66,0,37.314,97.0545,46.5165,91.033,59.552,65.995,72.2,2025-08-21
STU-0164,Dev Mehta,2024 · Term 1,Information Technology,2,8.2,0,59.471500000000006,38.873875,86.783375,94.86675,94.862,65.27624999999999,85,2025-08-02
STU-0164,Dev Mehta,2024 · Term 2,Information Technology,2,8.39,0,60.2905,39.624625,87.261125,95.82225,95.954,65.95875,85.9,2025-08-02
STU-0164,Dev Mehta,2025 · Term 1,Information Technology,2,8.58,0,61.109500000000004,40.375375,87.738875,96.77775,97.046,66.64125,86.8,2025-08-02
STU-0164,Dev Mehta,2025 · Term 2,Information Technology,2,8.78,0,61.9285,41.126125,88.216625,97.73325,98.138,67.32375,87.7,2025-08-02
STU-0165,Sara Mehta,2024 · Term 1,Electronics,2,6.07,2,86.357,88.12725,96.30825,64.8165,70.67599999999999,94.2975,76.6,2025-08-11
STU-0165,Sara Mehta,2024 · Term 2,Electronics,2,5.82,0,85.319,87.17575000000001,95.70275000000001,63.6055,69.29199999999999,93.4325,75.4,2025-08-11
STU-0165,Sara Mehta,2025 · Term 1,Electronics,2,5.58,1,84.28099999999999,86.22425,95.09725,62.3945,67.908,92.5675,74.3,2025-08-11
STU-0165,Sara Mehta,2025 · Term 2,Electronics,2,5.34,2,83.243,85.27275,94.49175000000001,61.1835,66.524,91.7025,73.1,2025-08-11
STU-0166,Aditi Mehta,2024 · Term 1,Mechanical,2,7.38,0,35.3425,34.055625000000006,90.608125,86.71625,53.49,85.56875000000001,75.3,2025-08-20
STU-0166,Aditi Mehta,2024 · Term 2,Mechanical,2,7.41,1,35.4475,34.151875000000004,90.669375,86.83875,53.63,85.65625,75.4,2025-08-20
STU-0166,Aditi Mehta,2025 · Term 1,Mechanical,2,7.43,0,35.5525,34.248125,90.730625,86.96125,53.77,85.74375,75.5,2025-08-20
STU-0166,Aditi Mehta,2025 · Term 2,Mechanical,2,7.45,0,35.6575,34.344375,90.791875,87.08375000000001,53.910000000000004,85.83125,75.6,2025-08-20
STU-0167,Nikhil Mehta,2024 · Term 1,Business Analytics,2,8.7,0,68.328,40.784,56.508,51.016000000000005,45.903999999999996,48.04,48.3,2025-08-01
STU-0167,Nikhil Mehta,2024 · Term 2,Business Analytics,2,8.99,0,69.57600000000001,41.928,57.236000000000004,52.472,47.568,49.08,49.7,2025-08-01
STU-0167,Nikhil Mehta,2025 · Term 1,Business Analytics,2,9.28,0,70.824,43.072,57.964,53.928000000000004,49.232,50.120000000000005,51.1,2025-08-01
STU-0167,Nikhil Mehta,2025 · Term 2,Business Analytics,2,9.57,0,72.072,44.216,58.692,55.384,50.896,51.160000000000004,52.5,2025-08-01
STU-0168,Naina Mehta,2024 · Term 1,Civil Engineering,2,6.56,0,56.213499999999996,84.037375,57.232875,91.36574999999999,84.11800000000001,92.06125,89.2,2025-08-10
STU-0168,Naina Mehta,2024 · Term 2,Civil Engineering,2,6.42,0,55.604499999999994,83.479125,56.877625,90.65525,83.30600000000001,91.55375,88.5,2025-08-10
STU-0168,Naina Mehta,2025 · Term 1,Civil Engineering,2,6.28,0,54.9955,82.92087500000001,56.522375000000004,89.94475,82.494,91.04625,87.8,2025-08-10
STU-0168,Naina Mehta,2025 · Term 2,Civil Engineering,2,6.13,2,54.3865,82.36262500000001,56.167125000000006,89.23425,81.682,90.53875,87.2,2025-08-10
STU-0169,Diya Mehta,2024 · Term 1,Computer Science,2,7.87,0,43.399,60.565749999999994,32.73275,74.4655,83.932,73.1325,77.2,2025-08-19
STU-0169,Diya Mehta,2024 · Term 2,Computer Science,2,8,0,43.933,61.055249999999994,33.044250000000005,75.08850000000001,84.644,73.5775,77.8,2025-08-19
STU-0169,Diya Mehta,2025 · Term 1,Computer Science,2,8.12,0,44.467000000000006,61.54475,33.35575,75.7115,85.356,74.0225,78.4,2025-08-19
STU-0169,Diya Mehta,2025 · Term 2,Computer Science,2,8.25,0,45.001000000000005,62.03425,33.66725,76.3345,86.068,74.4675,79,2025-08-19
STU-0170,Vihaan Mehta,2024 · Term 1,Business Analytics,2,7.27,0,76.582,49.0835,57.3895,63.979,74.776,40.785,59.8,2025-08-17
STU-0170,Vihaan Mehta,2024 · Term 2,Business Analytics,2,7.28,0,76.594,49.094500000000004,57.396499999999996,63.993,74.792,40.794999999999995,59.9,2025-08-17
STU-0170,Vihaan Mehta,2025 · Term 1,Business Analytics,2,7.28,0,76.606,49.1055,57.4035,64.007,74.80799999999999,40.805,59.9,2025-08-17
STU-0170,Vihaan Mehta,2025 · Term 2,Business Analytics,2,7.28,0,76.618,49.1165,57.4105,64.021,74.824,40.815,59.9,2025-08-17
STU-0171,Akash Mehta,2024 · Term 1,Mechanical,2,5.96,0,46.1965,43.155125,77.489625,44.67925,70.362,51.91375,55.7,2025-08-08
STU-0171,Akash Mehta,2024 · Term 2,Mechanical,2,5.7,1,45.0655,42.118375,76.829875,43.359750000000005,68.854,50.97125,54.4,2025-08-08
STU-0171,Akash Mehta,2025 · Term 1,Mechanical,2,5.43,2,43.9345,41.081625,76.170125,42.04025,67.34599999999999,50.02875,53.1,2025-08-08
STU-0171,Akash Mehta,2025 · Term 2,Mechanical,2,5.17,0,42.8035,40.044875000000005,75.510375,40.72075,65.838,49.08625,51.9,2025-08-08
STU-0172,Neha Mehta,2024 · Term 1,Electronics,2,8.09,0,52.511,57.30175,57.36475,72.5295,73.348,54.292500000000004,66.7,2025-08-27
STU-0172,Neha Mehta,2024 · Term 2,Electronics,2,8.26,0,53.237,57.96725,57.78825,73.3765,74.316,54.8975,67.5,2025-08-27
STU-0172,Neha Mehta,2025 · Term 1,Electronics,2,8.43,0,53.963,58.632749999999994,58.21175,74.2235,75.28399999999999,55.502500000000005,68.3,2025-08-27
STU-0172,Neha Mehta,2025 · Term 2,Electronics,2,8.6,0,54.689,59.298249999999996,58.63525,75.0705,76.252,56.1075,69.1,2025-08-27
STU-0173,Reyansh Mehta,2024 · Term 1,Information Technology,2,6.78,0,38.325500000000005,71.973375,60.264874999999996,36.22975,88.534,81.42125,68.7,2025-08-18
STU-0173,Reyansh Mehta,2024 · Term 2,Information Technology,2,6.68,0,37.908500000000004,71.591125,60.021625,35.74325,87.97800000000001,81.07375,68.3,2025-08-18
STU-0173,Reyansh Mehta,2025 · Term 1,Information Technology,2,6.59,0,37.4915,71.208875,59.778375,35.25675,87.422,80.72625000000001,67.8,2025-08-18
STU-0173,Reyansh Mehta,2025 · Term 2,Information Technology,2,6.49,0,37.0745,70.826625,59.535125,34.77025,86.866,80.37875000000001,67.3,2025-08-18
STU-0174,Ishaan Mehta,2024 · Term 1,Electronics,2,5.63,2,36.524,54.247,95.839,79.07799999999999,43.832,83.36999999999999,68.8,2025-08-25
STU-0174,Ishaan Mehta,2024 · Term 2,Electronics,2,5.3,0,35.108,52.949,95.01299999999999,77.42599999999999,41.944,82.19,67.2,2025-08-25
STU-0174,Ishaan Mehta,2025 · Term 1,Electronics,2,4.97,1,33.692,51.650999999999996,94.187,75.774,40.056,81.00999999999999,65.6,2025-08-25
STU-0174,Ishaan Mehta,2025 · Term 2,Electronics,2,4.64,2,32.275999999999996,50.352999999999994,93.36099999999999,74.122,38.168,79.83,64,2025-08-25
STU-0175,Zoya Mehta,2024 · Term 1,Information Technology,2,7.77,0,88.2385,84.993625,42.114125,70.72825,64.018,48.14875,61,2025-08-16
STU-0175,Zoya Mehta,2024 · Term 2,Information Technology,2,7.87,0,88.6795,85.397875,42.371375,71.24275,64.60600000000001,48.51625,61.5,2025-08-16
STU-0175,Zoya Mehta,2025 · Term 1,Information Technology,2,7.97,0,89.1205,85.80212499999999,42.628625,71.75725,65.194,48.883750000000006,61.9,2025-08-16
STU-0175,Zoya Mehta,2025 · Term 2,Information Technology,2,8.08,0,89.56150000000001,86.206375,42.885875,72.27175,65.78200000000001,49.251250000000006,62.4,2025-08-16
STU-0176,Amara Mehta,2024 · Term 1,Computer Science,2,6.45,0,50.452999999999996,70.66525,72.21424999999999,86.2285,96.204,61.4775,81.3,2025-08-07
STU-0176,Amara Mehta,2024 · Term 2,Computer Science,2,6.29,0,49.751,70.02175,71.80475,85.4095,95.268,60.8925,80.5,2025-08-07
STU-0176,Amara Mehta,2025 · Term 1,Computer Science,2,6.13,2,49.049,69.37825000000001,71.39524999999999,84.5905,94.332,60.307500000000005,79.7,2025-08-07
STU-0176,Amara Mehta,2025 · Term 2,Computer Science,2,5.96,0,48.347,68.73475,70.98575,83.7715,93.396,59.722500000000004,79,2025-08-07
STU-0177,Pranav Mehta,2024 · Term 1,Civil Engineering,2,8.59,0,41.9675,82.611875,30.889374999999998,88.07875,40.39,79.25625000000001,69.2,2025-08-26
STU-0177,Pranav Mehta,2024 · Term 2,Civil Engineering,2,8.86,0,43.1225,83.670625,31.563125,89.42625,41.93,80.21875,70.5,2025-08-26
STU-0177,Pranav Mehta,2025 · Term 1,Civil Engineering,2,9.13,0,44.2775,84.729375,32.236875,90.77374999999999,43.470000000000006,81.18125,71.8,2025-08-26
STU-0177,Pranav Mehta,2025 · Term 2,Civil Engineering,2,9.4,0,45.432500000000005,85.78812500000001,32.910624999999996,92.12124999999999,45.010000000000005,82.14375,73.1,2025-08-26
STU-0178,Tanish Mehta,2024 · Term 1,Computer Science,2,7.44,0,62.366,43.2855,79.0635,39.327,74.888,97.405,70.5,2025-08-05
STU-0178,Tanish Mehta,2024 · Term 2,Computer Science,2,7.48,0,62.522,43.4285,79.1545,39.509,75.096,97.535,70.7,2025-08-05
STU-0178,Tanish Mehta,2025 · Term 1,Computer Science,2,7.51,0,62.678000000000004,43.5715,79.2455,39.691,75.304,97.66499999999999,70.9,2025-08-05
STU-0178,Tanish Mehta,2025 · Term 2,Computer Science,2,7.55,0,62.834,43.7145,79.3365,39.873000000000005,75.512,97.79499999999999,71.1,2025-08-05
STU-0179,Kavya Mehta,2024 · Term 1,Civil Engineering,2,6.12,2,62.780499999999996,67.557125,75.363625,57.027249999999995,79.274,96.93375,77.7,2025-08-24
STU-0179,Kavya Mehta,2024 · Term 2,Civil Engineering,2,5.89,0,61.793499999999995,66.652375,74.787875,55.87575,77.958,96.11125,76.6,2025-08-24
STU-0179,Kavya Mehta,2025 · Term 1,Civil Engineering,2,5.66,1,60.8065,65.747625,74.212125,54.72425,76.642,95.28875000000001,75.6,2025-08-24
STU-0179,Kavya Mehta,2025 · Term 2,Civil Engineering,2,5.43,2,59.8195,64.842875,73.636375,53.57275,75.326,94.46625,74.5,2025-08-24
STU-0180,Aditya Mehta,2024 · Term 1,Civil Engineering,2,7.79,0,55.8025,50.360625,53.093125,92.88625,79.97,91.11875,88,2025-08-20
STU-0180,Aditya Mehta,2024 · Term 2,Civil Engineering,2,7.9,0,56.2675,50.786875,53.364375,93.42875000000001,80.59,91.50625000000001,88.5,2025-08-20
STU-0180,Aditya Mehta,2025 · Term 1,Civil Engineering,2,8.01,0,56.7325,51.213125,53.635625,93.97125,81.21000000000001,91.89375,89,2025-08-20
STU-0180,Aditya Mehta,2025 · Term 2,Civil Engineering,2,8.12,0,57.1975,51.639375,53.906875,94.51375,81.83000000000001,92.28125,89.5,2025-08-20
STU-0181,Ananya Mehta,2024 · Term 1,Computer Science,2,5.66,0,74.088,41.414,58.017999999999994,80.03599999999999,89.584,80.74,83.5,2025-08-01
STU-0181,Ananya Mehta,2024 · Term 2,Computer Science,2,5.33,1,72.696,40.138,57.205999999999996,78.41199999999999,87.728,79.58,81.9,2025-08-01
STU-0181,Ananya Mehta,2025 · Term 1,Computer Science,2,5.01,2,71.304,38.862,56.394,76.788,85.872,78.42,80.4,2025-08-01
STU-0181,Ananya Mehta,2025 · Term 2,Computer Science,2,4.68,0,69.912,37.586,55.582,75.164,84.01599999999999,77.26,78.8,2025-08-01
STU-0182,Rhea Mehta,2024 · Term 1,Mechanical,2,8.62,0,41.3315,31.578875000000004,40.668375000000005,31.03675,90.342,32.22625,51.2,2025-08-02
STU-0182,Rhea Mehta,2024 · Term 2,Mechanical,2,8.89,0,42.5105,32.659625000000005,41.356125000000006,32.41225,91.914,33.20875,52.5,2025-08-02
STU-0182,Rhea Mehta,2025 · Term 1,Mechanical,2,9.17,0,43.6895,33.740375,42.043875,33.78775,93.486,34.191250000000004,53.8,2025-08-02
STU-0182,Rhea Mehta,2025 · Term 2,Mechanical,2,9.44,0,44.868500000000004,34.821125,42.731625,35.163250000000005,95.058,35.173750000000005,55.1,2025-08-02
STU-0183,Tara Mehta,2024 · Term 1,Business Analytics,2,6.48,0,85.817,56.032250000000005,39.393249999999995,64.3865,92.556,89.44749999999999,82.1,2025-08-11
STU-0183,Tara Mehta,2024 · Term 2,Business Analytics,2,6.32,0,85.139,55.41075,38.997749999999996,63.5955,91.652,88.8825,81.4,2025-08-11
STU-0183,Tara Mehta,2025 · Term 1,Business Analytics,2,6.16,0,84.461,54.78925,38.60225,62.804500000000004,90.748,88.3175,80.6,2025-08-11
STU-0183,Tara Mehta,2025 · Term 2,Business Analytics,2,6.01,1,83.783,54.16775,38.20675,62.0135,89.84400000000001,87.7525,79.9,2025-08-11
STU-0184,Kabir Mehta,2024 · Term 1,Information Technology,2,5.99,1,80.9605,46.322125,43.868625,58.83725,82.914,78.88375,73.5,2025-08-12
STU-0184,Kabir Mehta,2024 · Term 2,Information Technology,2,5.73,2,79.8535,45.307375,43.222875,57.54575,81.438,77.96125,72.3,2025-08-12
STU-0184,Kabir Mehta,2025 · Term 1,Information Technology,2,5.47,0,78.7465,44.292624999999994,42.577124999999995,56.25425,79.962,77.03875,71.1,2025-08-12
STU-0184,Kabir Mehta,2025 · Term 2,Information Technology,2,5.21,1,77.6395,43.277874999999995,41.931374999999996,54.96275,78.486,76.11625,69.9,2025-08-12
STU-0185,Esha Mehta,2024 · Term 1,Electronics,2,7.3,0,79.746,33.250499999999995,44.3685,70.337,45.327999999999996,68.55499999999999,61.4,2025-08-21
STU-0185,Esha Mehta,2024 · Term 2,Electronics,2,7.31,0,79.782,33.2835,44.3895,70.379,45.376,68.585,61.4,2025-08-21
STU-0185,Esha Mehta,2025 · Term 1,Electronics,2,7.32,1,79.818,33.3165,44.4105,70.421,45.424,68.615,61.5,2025-08-21
STU-0185,Esha Mehta,2025 · Term 2,Electronics,2,7.33,0,79.854,33.3495,44.4315,70.46300000000001,45.472,68.645,61.5,2025-08-21
STU-0186,Arjun Mehta,2024 · Term 1,Civil Engineering,2,6.81,0,49.289500000000004,95.340375,80.44387499999999,58.387750000000004,85.486,72.19125,72,2025-08-22
STU-0186,Arjun Mehta,2024 · Term 2,Civil Engineering,2,6.72,0,48.8965,94.980125,80.214625,57.92925,84.962,71.86375,71.6,2025-08-22
STU-0186,Arjun Mehta,2025 · Term 1,Civil Engineering,2,6.62,0,48.5035,94.619875,79.98537499999999,57.47075,84.438,71.53625000000001,71.1,2025-08-22
STU-0186,Arjun Mehta,2025 · Term 2,Civil Engineering,2,6.53,0,48.1105,94.259625,79.756125,57.01225,83.914,71.20875000000001,70.7,2025-08-22
STU-0187,Rohan Mehta,2024 · Term 1,Computer Science,2,8.12,0,59.275,47.46875,65.54375,49.4875,33.9,51.2625,44.9,2025-08-03
STU-0187,Rohan Mehta,2024 · Term 2,Computer Science,2,8.3,0,60.025,48.15625,65.98125,50.3625,34.9,51.8875,45.7,2025-08-03
STU-0187,Rohan Mehta,2025 · Term 1,Computer Science,2,8.47,0,60.775,48.84375,66.41875,51.2375,35.9,52.5125,46.5,2025-08-03
STU-0187,Rohan Mehta,2025 · Term 2,Computer Science,2,8.65,0,61.525,49.53125,66.85625,52.1125,36.9,53.1375,47.4,2025-08-03
STU-0188,Yash Mehta,2024 · Term 1,Mechanical,2,7.63,0,73.2185,64.558625,72.019125,93.13825,46.058,85.49875,74.9,2025-08-04
STU-0188,Yash Mehta,2024 · Term 2,Mechanical,2,7.7,0,73.5395,64.852875,72.206375,93.51275,46.486000000000004,85.76625,75.3,2025-08-04
STU-0188,Yash Mehta,2025 · Term 1,Mechanical,2,7.78,0,73.8605,65.147125,72.393625,93.88725000000001,46.914,86.03375000000001,75.6,2025-08-04
STU-0188,Yash Mehta,2025 · Term 2,Mechanical,2,7.85,0,74.1815,65.441375,72.58087499999999,94.26175,47.342000000000006,86.30125000000001,76,2025-08-04
STU-0189,Meera Mehta,2024 · Term 1,Business Analytics,2,8.94,0,32.404,54.887,57.119,54.438,65.672,89.77,70,2025-08-13
STU-0189,Meera Mehta,2024 · Term 2,Business Analytics,2,9.29,0,33.868,56.229,57.973,56.146,67.624,90.99,71.6,2025-08-13
STU-0189,Meera Mehta,2025 · Term 1,Business Analytics,2,9.63,0,35.332,57.571,58.827,57.854,69.576,92.21,73.2,2025-08-13
STU-0189,Meera Mehta,2025 · Term 2,Business Analytics,2,9.97,0,36.796,58.913,59.681,59.562,71.52799999999999,93.42999999999999,74.8,2025-08-13
STU-0190,Kiran Mehta,2024 · Term 1,Business Analytics,2,8.01,0,53.219,66.60075,36.42775,95.25550000000001,29.892,39.7825,55,2025-08-07
STU-0190,Kiran Mehta,2024 · Term 2,Business Analytics,2,8.16,0,53.873000000000005,67.20025,36.80925,96.0185,30.764,40.3275,55.7,2025-08-07
STU-0190,Kiran Mehta,2025 · Term 1,Business Analytics,2,8.32,0,54.527,67.79975,37.19075,96.78150000000001,31.636,40.8725,56.4,2025-08-07
STU-0190,Kiran Mehta,2025 · Term 2,Business Analytics,2,8.47,0,55.181000000000004,68.39925,37.57225,97.5445,32.507999999999996,41.417500000000004,57.2,2025-08-07
STU-0191,Avani Mehta,2024 · Term 1,Mechanical,2,6.7,0,73.63350000000001,77.472375,36.927875,54.55575,98.27799999999999,58.911249999999995,70.6,2025-08-26
STU-0191,Avani Mehta,2024 · Term 2,Mechanical,2,6.58,0,73.14450000000001,77.024125,36.642625,53.98525,97.62599999999999,58.50375,70,2025-08-26
STU-0191,Avani Mehta,2025 · Term 1,Mechanical,2,6.47,0,72.6555,76.575875,36.357375,53.414750000000005,96.974,58.09625,69.5,2025-08-26
STU-0191,Avani Mehta,2025 · Term 2,Mechanical,2,6.36,0,72.1665,76.127625,36.072125,52.84425,96.322,57.68875,69,2025-08-26
STU-0192,Saanvi Mehta,2024 · Term 1,Computer Science,2,7.19,0,89.09,31.982499999999998,77.4525,93.105,31.12,78.075,67.4,2025-08-25
STU-0192,Saanvi Mehta,2024 · Term 2,Computer Science,2,7.18,0,89.03,31.9275,77.4175,93.035,31.04,78.025,67.4,2025-08-25
STU-0192,Saanvi Mehta,2025 · Term 1,Computer Science,2,7.16,0,88.97,31.8725,77.38250000000001,92.965,30.96,77.975,67.3,2025-08-25
STU-0192,Saanvi Mehta,2025 · Term 2,Computer Science,2,7.15,0,88.91,31.8175,77.34750000000001,92.895,30.88,77.925,67.2,2025-08-25
STU-0193,Aarav Patel,2024 · Term 1,Civil Engineering,2,5.88,2,81.9045,97.45412499999999,85.152625,96.60525,72.506,76.20375,81.8,2025-08-16
STU-0193,Aarav Patel,2024 · Term 2,Civil Engineering,2,5.6,0,80.7015,96.35137499999999,84.450875,95.20175,70.902,75.20125,80.4,2025-08-16
STU-0193,Aarav Patel,2025 · Term 1,Civil Engineering,2,5.32,1,79.49849999999999,95.248625,83.74912499999999,93.79825,69.29799999999999,74.19875,79.1,2025-08-16
STU-0193,Aarav Patel,2025 · Term 2,Civil Engineering,2,5.03,2,78.29549999999999,94.145875,83.04737499999999,92.39475,67.69399999999999,73.19625,77.8,2025-08-16
STU-0194,Mira Patel,2024 · Term 1,Electronics,2,6.37,0,78.161,94.36425,80.87725,70.9545,78.548,62.3675,70.6,2025-08-15
STU-0194,Mira Patel,2024 · Term 2,Electronics,2,6.19,0,77.387,93.65474999999999,80.42575000000001,70.05149999999999,77.516,61.7225,69.8,2025-08-15
STU-0194,Mira Patel,2025 · Term 1,Electronics,2,6.01,1,76.613,92.94525,79.97425,69.1485,76.484,61.0775,68.9,2025-08-15
STU-0194,Mira Patel,2025 · Term 2,Electronics,2,5.83,2,75.839,92.23575,79.52275,68.24549999999999,75.452,60.4325,68,2025-08-15
STU-0195,Maya Patel,2024 · Term 1,Information Technology,2,8.51,0,80.0755,39.910875,75.552375,92.40474999999999,65.134,69.34625,75.6,2025-08-06
STU-0195,Maya Patel,2024 · Term 2,Information Technology,2,8.76,0,81.1585,40.903625,76.184125,93.66825,66.578,70.24875,76.8,2025-08-06
STU-0195,Maya Patel,2025 · Term 1,Information Technology,2,9.01,0,82.2415,41.896375,76.815875,94.93175,68.02199999999999,71.15125,78,2025-08-06
STU-0195,Maya Patel,2025 · Term 2,Information Technology,2,9.26,1,83.3245,42.889125,77.447625,96.19525,69.466,72.05375000000001,79.2,2025-08-06
STU-0196,Dev Patel,2024 · Term 1,Business Analytics,2,9,0,53.132,38.421,39.277,37.354,71.976,48.11,52.5,2025-08-05
STU-0196,Dev Patel,2024 · Term 2,Business Analytics,2,9.35,0,54.644,39.807,40.159,39.118,73.992,49.37,54.2,2025-08-05
STU-0196,Dev Patel,2025 · Term 1,Business Analytics,2,9.7,0,56.156,41.193,41.041000000000004,40.882,76.008,50.63,55.8,2025-08-05
STU-0196,Dev Patel,2025 · Term 2,Business Analytics,2,10,0,57.668,42.579,41.923,42.646,78.024,51.89,57.5,2025-08-05
STU-0197,Sara Patel,2024 · Term 1,Mechanical,2,7.68,0,53.5465,62.692625,35.577124999999995,51.65425,76.362,51.03875,59.7,2025-08-24
STU-0197,Sara Patel,2024 · Term 2,Mechanical,2,7.77,0,53.9155,63.030875,35.792375,52.08475,76.854,51.34625,60.1,2025-08-24
STU-0197,Sara Patel,2025 · Term 1,Mechanical,2,7.86,0,54.2845,63.369125000000004,36.007625,52.515249999999995,77.34599999999999,51.65375,60.5,2025-08-24
STU-0197,Sara Patel,2025 · Term 2,Mechanical,2,7.94,0,54.6535,63.707375000000006,36.222875,52.94575,77.838,51.96125,60.9,2025-08-24
STU-0198,Aditi Patel,2024 · Term 1,Computer Science,2,8.18,0,41.003,65.60275,32.30175,80.6035,93.00399999999999,79.0025,84.2,2025-08-23
STU-0198,Aditi Patel,2024 · Term 2,Computer Science,2,8.36,1,41.801,66.33425,32.76725,81.5345,94.068,79.6675,85.1,2025-08-23
STU-0198,Aditi Patel,2025 · Term 1,Computer Science,2,8.55,0,42.599000000000004,67.06575000000001,33.23275,82.4655,95.13199999999999,80.3325,86,2025-08-23
STU-0198,Aditi Patel,2025 · Term 2,Computer Science,2,8.74,0,43.397000000000006,67.79725,33.69825,83.3965,96.196,80.9975,86.9,2025-08-23
STU-0199,Nikhil Patel,2024 · Term 1,Civil Engineering,2,6.86,0,37.0175,81.674375,60.601875,87.70375,43.19,33.53125,54.8,2025-08-14
STU-0199,Nikhil Patel,2024 · Term 2,Civil Engineering,2,6.78,0,36.6725,81.358125,60.400625,87.30125,42.73,33.24375,54.4,2025-08-14
STU-0199,Nikhil Patel,2025 · Term 1,Civil Engineering,2,6.7,0,36.3275,81.041875,60.199374999999996,86.89874999999999,42.27,32.956250000000004,54,2025-08-14
STU-0199,Nikhil Patel,2025 · Term 2,Civil Engineering,2,6.62,0,35.9825,80.72562500000001,59.998124999999995,86.49624999999999,41.81,32.66875,53.7,2025-08-14
STU-0200,Naina Patel,2024 · Term 1,Electronics,2,8.63,0,71.409,85.05825,94.15525000000001,34.1105,59.812000000000005,37.5075,43.8,2025-08-19
STU-0200,Naina Patel,2024 · Term 2,Electronics,2,8.91,0,72.60300000000001,86.15275,94.85175000000001,35.5035,61.404,38.5025,45.1,2025-08-19
STU-0200,Naina Patel,2025 · Term 1,Electronics,2,9.19,1,73.797,87.24725000000001,95.54825,36.8965,62.996,39.4975,46.5,2025-08-19
STU-0200,Naina Patel,2025 · Term 2,Electronics,2,9.47,0,74.991,88.34175,96.24475,38.289500000000004,64.58800000000001,40.4925,47.8,2025-08-19
STU-0201,Diya Patel,2024 · Term 1,Information Technology,2,7.32,0,90.4235,73.52987499999999,62.655375,34.61075,91.99799999999999,48.83625,58.5,2025-08-10
STU-0201,Diya Patel,2024 · Term 2,Information Technology,2,7.33,0,90.4745,73.57662499999999,62.685125,34.67025,92.06599999999999,48.87875,58.5,2025-08-10
STU-0201,Diya Patel,2025 · Term 1,Information Technology,2,7.34,0,90.5255,73.623375,62.714875000000006,34.72975,92.134,48.92125,58.6,2025-08-10
STU-0201,Diya Patel,2025 · Term 2,Information Technology,2,7.35,0,90.5765,73.670125,62.744625000000006,34.78925,92.202,48.96375,58.7,2025-08-10
STU-0202,Vihaan Patel,2024 · Term 1,Business Analytics,2,7.81,0,85.08,79.24000000000001,80.78,69.75999999999999,96.44000000000001,63.199999999999996,76.5,2025-08-09
STU-0202,Vihaan Patel,2024 · Term 2,Business Analytics,2,7.92,0,85.56,79.68,81.06,70.32,97.08000000000001,63.599999999999994,77,2025-08-09
STU-0202,Vihaan Patel,2025 · Term 1,Business Analytics,2,8.04,0,86.03999999999999,80.12,81.34,70.88,97.72,64,77.5,2025-08-09
STU-0202,Vihaan Patel,2025 · Term 2,Business Analytics,2,8.15,0,86.52,80.56,81.62,71.44,98.36,64.39999999999999,78.1,2025-08-09
STU-0203,Akash Patel,2024 · Term 1,Mechanical,2,6.5,0,39.094500000000004,51.111625000000004,41.880125,50.060249999999996,92.42599999999999,92.32875,78.3,2025-08-28
STU-0203,Akash Patel,2024 · Term 2,Mechanical,2,6.34,0,38.4315,50.503875,41.493375,49.28675,91.54199999999999,91.77625,77.5,2025-08-28
STU-0203,Akash Patel,2025 · Term 1,Mechanical,2,6.19,2,37.7685,49.896125000000005,41.106624999999994,48.51325,90.658,91.22375,76.8,2025-08-28
STU-0203,Akash Patel,2025 · Term 2,Mechanical,2,6.03,0,37.1055,49.288375,40.719874999999995,47.73975,89.774,90.67125,76.1,2025-08-28
STU-0204,Neha Patel,2024 · Term 1,Business Analytics,2,6.83,0,75.767,48.219750000000005,90.53075,88.2615,42.956,78.2725,69.8,2025-08-11
STU-0204,Neha Patel,2024 · Term 2,Business Analytics,2,6.74,0,75.389,47.873250000000006,90.31025,87.8205,42.452000000000005,77.9575,69.4,2025-08-11
STU-0204,Neha Patel,2025 · Term 1,Business Analytics,2,6.65,0,75.01100000000001,47.52675,90.08975000000001,87.3795,41.948,77.6425,69,2025-08-11
STU-0204,Neha Patel,2025 · Term 2,Business Analytics,2,6.56,0,74.63300000000001,47.18025,89.86925000000001,86.93849999999999,41.444,77.3275,68.6,2025-08-11
STU-0205,Reyansh Patel,2024 · Term 1,Mechanical,2,8.96,0,60.0815,42.766375,51.405875,31.511750000000003,85.342,31.451249999999998,49.4,2025-08-02
STU-0205,Reyansh Patel,2024 · Term 2,Mechanical,2,9.31,0,61.5605,44.122125,52.268625,33.23725,87.314,32.683749999999996,51.1,2025-08-02
STU-0205,Reyansh Patel,2025 · Term 1,Mechanical,2,9.65,0,63.0395,45.477875,53.131375000000006,34.96275,89.286,33.91625,52.7,2025-08-02
STU-0205,Reyansh Patel,2025 · Term 2,Mechanical,2,10,0,64.5185,46.833625,53.994125000000004,36.688250000000004,91.258,35.14875,54.4,2025-08-02
STU-0206,Ishaan Patel,2024 · Term 1,Computer Science,2,6,0,47.038,50.0015,90.7555,59.911,44.583999999999996,90.565,65,2025-08-01
STU-0206,Ishaan Patel,2024 · Term 2,Computer Science,2,5.75,1,45.946,49.0005,90.1185,58.637,43.128,89.655,63.8,2025-08-01
STU-0206,Ishaan Patel,2025 · Term 1,Computer Science,2,5.49,2,44.854,47.9995,89.4815,57.363,41.672,88.745,62.6,2025-08-01
STU-0206,Ishaan Patel,2025 · Term 2,Computer Science,2,5.24,0,43.762,46.9985,88.8445,56.089,40.216,87.83500000000001,61.4,2025-08-01
STU-0207,Zoya Patel,2024 · Term 1,Civil Engineering,2,8.14,0,33.9525,43.148125,58.230624999999996,46.56125,30.369999999999997,40.743750000000006,39.2,2025-08-20
STU-0207,Zoya Patel,2024 · Term 2,Civil Engineering,2,8.32,0,34.7175,43.849375,58.676874999999995,47.45375,31.389999999999997,41.38125,40.1,2025-08-20
STU-0207,Zoya Patel,2025 · Term 1,Civil Engineering,2,8.5,0,35.4825,44.550625000000004,59.123125,48.34625,32.41,42.018750000000004,40.9,2025-08-20
STU-0207,Zoya Patel,2025 · Term 2,Civil Engineering,2,8.68,0,36.2475,45.251875000000005,59.569375,49.238749999999996,33.43,42.65625,41.8,2025-08-20
STU-0208,Amara Patel,2024 · Term 1,Computer Science,2,8.47,0,38.625,47.45625,53.881249999999994,73.5625,49.5,84.8875,69.3,2025-08-03
STU-0208,Amara Patel,2024 · Term 2,Computer Science,2,8.71,0,39.675000000000004,48.418749999999996,54.49375,74.78750000000001,50.9,85.7625,70.5,2025-08-03
STU-0208,Amara Patel,2025 · Term 1,Computer Science,2,8.96,0,40.725,49.38125,55.106249999999996,76.0125,52.300000000000004,86.6375,71.6,2025-08-03
STU-0208,Amara Patel,2025 · Term 2,Computer Science,2,9.2,0,41.775000000000006,50.34375,55.71875,77.23750000000001,53.7,87.5125,72.8,2025-08-03
STU-0209,Pranav Patel,2024 · Term 1,Civil Engineering,2,7.15,0,68.8395,89.327875,36.581375,42.862750000000005,74.886,77.01625,64.9,2025-08-22
STU-0209,Pranav Patel,2024 · Term 2,Civil Engineering,2,7.13,0,68.7465,89.242625,36.527125,42.754250000000006,74.762,76.93875,64.8,2025-08-22
STU-0209,Pranav Patel,2025 · Term 1,Civil Engineering,2,7.11,0,68.65350000000001,89.157375,36.472875,42.64575,74.638,76.86125000000001,64.7,2025-08-22
STU-0209,Pranav Patel,2025 · Term 2,Civil Engineering,2,7.09,0,68.5605,89.072125,36.418625,42.53725,74.51400000000001,76.78375000000001,64.6,2025-08-22
STU-0210,Tanish Patel,2024 · Term 1,Civil Engineering,2,8.77,0,87.3245,55.989124999999994,58.147625,31.19525,88.066,94.25375000000001,71.2,2025-08-28
STU-0210,Tanish Patel,2024 · Term 2,Civil Engineering,2,9.08,0,88.6415,57.196374999999996,58.915875,32.73175,89.822,95.35125000000001,72.6,2025-08-28
STU-0210,Tanish Patel,2025 · Term 1,Civil Engineering,2,9.39,0,89.9585,58.403625,59.684124999999995,34.26825,91.578,96.44875,74.1,2025-08-28
STU-0210,Tanish Patel,2025 · Term 2,Civil Engineering,2,9.7,0,91.2755,59.610875,60.452374999999996,35.80475,93.334,97.54625,75.6,2025-08-28
STU-0211,Kavya Patel,2024 · Term 1,Computer Science,2,6.64,0,44.81,33.6425,65.6725,70.74499999999999,69.28,44.474999999999994,61.5,2025-08-09
STU-0211,Kavya Patel,2024 · Term 2,Computer Science,2,6.51,0,44.27,33.1475,65.3575,70.115,68.56,44.025,60.9,2025-08-09
STU-0211,Kavya Patel,2025 · Term 1,Computer Science,2,6.39,0,43.73,32.652499999999996,65.0425,69.485,67.84,43.574999999999996,60.3,2025-08-09
STU-0211,Kavya Patel,2025 · Term 2,Computer Science,2,6.26,0,43.19,32.1575,64.7275,68.855,67.12,43.125,59.7,2025-08-09
STU-0212,Aditya Patel,2024 · Term 1,Mechanical,2,6.15,0,90.35350000000001,93.732375,48.947875,97.39575,49.438,95.51124999999999,80.8,2025-08-10
STU-0212,Aditya Patel,2024 · Term 2,Mechanical,2,5.92,1,89.3845,92.844125,48.382625000000004,96.26525000000001,48.146,94.70375,79.7,2025-08-10
STU-0212,Aditya Patel,2025 · Term 1,Mechanical,2,5.69,2,88.41550000000001,91.955875,47.817375,95.13475,46.854,93.89625,78.6,2025-08-10
STU-0212,Aditya Patel,2025 · Term 2,Mechanical,2,5.47,0,87.4465,91.067625,47.252125,94.00425,45.562,93.08875,77.6,2025-08-10
STU-0213,Ananya Patel,2024 · Term 1,Business Analytics,2,7.46,0,44.939,72.86075,56.04775,66.29549999999999,33.652,56.1825,52,2025-08-19
STU-0213,Ananya Patel,2024 · Term 2,Business Analytics,2,7.5,0,45.113,73.02024999999999,56.14925,66.49849999999999,33.884,56.3275,52.2,2025-08-19
STU-0213,Ananya Patel,2025 · Term 1,Business Analytics,2,7.54,1,45.287000000000006,73.17975,56.250750000000004,66.7015,34.116,56.4725,52.4,2025-08-19
STU-0213,Ananya Patel,2025 · Term 2,Business Analytics,2,7.58,0,45.461000000000006,73.33924999999999,56.352250000000005,66.9045,34.348,56.6175,52.6,2025-08-19
STU-0214,Rhea Patel,2024 · Term 1,Mechanical,2,7.13,1,31.8665,52.952625,64.99712500000001,79.69425,90.722,73.23875,81.2,2025-08-08
STU-0214,Rhea Patel,2024 · Term 2,Mechanical,2,7.11,0,31.755499999999998,52.850874999999995,64.93237500000001,79.56475,90.574,73.14625,81.1,2025-08-08
STU-0214,Rhea Patel,2025 · Term 1,Mechanical,2,7.08,0,31.6445,52.749125,64.867625,79.43525,90.426,73.05375,81,2025-08-08
STU-0214,Rhea Patel,2025 · Term 2,Mechanical,2,7.05,0,31.5335,52.647375,64.802875,79.30575,90.278,72.96124999999999,80.8,2025-08-08
STU-0215,Tara Patel,2024 · Term 1,Business Analytics,2,8.45,0,79.852,95.681,51.097,61.994,50.536,74.71,62.4,2025-08-17
STU-0215,Tara Patel,2024 · Term 2,Business Analytics,2,8.69,0,80.884,96.627,51.699,63.198,51.912,75.57,63.6,2025-08-17
STU-0215,Tara Patel,2025 · Term 1,Business Analytics,2,8.93,0,81.91600000000001,97.573,52.301,64.402,53.288000000000004,76.43,64.7,2025-08-17
STU-0215,Tara Patel,2025 · Term 2,Business Analytics,2,9.17,0,82.94800000000001,98.51899999999999,52.903,65.606,54.664,77.29,65.9,2025-08-17
STU-0216,Kabir Patel,2024 · Term 1,Information Technology,2,7.95,0,35.3955,72.77087499999999,94.172375,38.84475,64.89399999999999,69.14625000000001,57.6,2025-08-18
STU-0216,Kabir Patel,2024 · Term 2,Information Technology,2,8.09,0,35.9985,73.32362499999999,94.524125,39.548249999999996,65.698,69.64875,58.3,2025-08-18
STU-0216,Kabir Patel,2025 · Term 1,Information Technology,2,8.23,0,36.601499999999994,73.876375,94.87587500000001,40.25175,66.502,70.15125,59,2025-08-18
STU-0216,Kabir Patel,2025 · Term 2,Information Technology,2,8.38,0,37.204499999999996,74.429125,95.227625,40.95525,67.306,70.65375,59.6,2025-08-18
STU-0217,Esha Patel,2024 · Term 1,Electronics,2,5.82,2,44.481,53.624249999999996,76.89725,74.39450000000001,96.708,46.5675,72.6,2025-08-27
STU-0217,Esha Patel,2024 · Term 2,Electronics,2,5.53,0,43.227000000000004,52.47475,76.16575,72.9315,95.036,45.5225,71.2,2025-08-27
STU-0217,Esha Patel,2025 · Term 1,Electronics,2,5.23,1,41.973,51.32525,75.43424999999999,71.4685,93.364,44.4775,69.8,2025-08-27
STU-0217,Esha Patel,2025 · Term 2,Electronics,2,4.94,2,40.719,50.17575,74.70275,70.0055,91.69200000000001,43.4325,68.4,2025-08-27
STU-0218,Arjun Patel,2024 · Term 1,Mechanical,2,8.61,0,38.540499999999994,42.187124999999995,71.873625,88.44725,40.354,47.433749999999996,58.7,2025-08-12
STU-0218,Arjun Patel,2024 · Term 2,Mechanical,2,8.88,1,39.713499999999996,43.262375,72.55787500000001,89.81575,41.918000000000006,48.411249999999995,60,2025-08-12
STU-0218,Arjun Patel,2025 · Term 1,Mechanical,2,9.16,0,40.8865,44.337624999999996,73.242125,91.18425,43.482,49.38875,61.4,2025-08-12
STU-0218,Arjun Patel,2025 · Term 2,Mechanical,2,9.43,0,42.0595,45.412875,73.92637500000001,92.55275,45.04600000000001,50.36625,62.7,2025-08-12
STU-0219,Rohan Patel,2024 · Term 1,Business Analytics,2,6.47,0,54.626000000000005,80.4405,75.1985,77.397,89.768,62.654999999999994,76.6,2025-08-21
STU-0219,Rohan Patel,2024 · Term 2,Business Analytics,2,6.31,0,53.942,79.8135,74.7995,76.599,88.85600000000001,62.084999999999994,75.8,2025-08-21
STU-0219,Rohan Patel,2025 · Term 1,Business Analytics,2,6.15,0,53.258,79.1865,74.4005,75.801,87.944,61.515,75.1,2025-08-21
STU-0219,Rohan Patel,2025 · Term 2,Business Analytics,2,5.99,1,52.574,78.5595,74.0015,75.003,87.03200000000001,60.945,74.3,2025-08-21
STU-0220,Yash Patel,2024 · Term 1,Electronics,2,5.84,2,73.254,95.3995,91.0815,92.563,79.07199999999999,88.745,86.8,2025-08-13
STU-0220,Yash Patel,2024 · Term 2,Electronics,2,5.55,0,72.018,94.26650000000001,90.3605,91.12100000000001,77.42399999999999,87.715,85.4,2025-08-13
STU-0220,Yash Patel,2025 · Term 1,Electronics,2,5.26,1,70.78200000000001,93.1335,89.6395,89.679,75.776,86.685,84,2025-08-13
STU-0220,Yash Patel,2025 · Term 2,Electronics,2,4.97,2,69.546,92.0005,88.9185,88.23700000000001,74.128,85.655,82.7,2025-08-13
STU-0221,Meera Patel,2024 · Term 1,Information Technology,2,7.97,0,39.1685,30.546124999999996,36.356625,62.41325,53.458000000000006,77.32374999999999,64.4,2025-08-04
STU-0221,Meera Patel,2024 · Term 2,Information Technology,2,8.12,0,39.789500000000004,31.115375,36.718875,63.13775,54.286,77.84124999999999,65.1,2025-08-04
STU-0221,Meera Patel,2025 · Term 1,Information Technology,2,8.26,0,40.4105,31.684624999999997,37.081125,63.86225,55.114000000000004,78.35875,65.8,2025-08-04
STU-0221,Meera Patel,2025 · Term 2,Information Technology,2,8.41,0,41.0315,32.253875,37.443374999999996,64.58675,55.942,78.87625,66.5,2025-08-04
STU-0222,Kiran Patel,2024 · Term 1,Computer Science,2,6.66,0,37.783,36.01775,43.05675,74.5135,55.443999999999996,46.6525,58.9,2025-08-23
STU-0222,Kiran Patel,2024 · Term 2,Computer Science,2,6.54,1,37.261,35.539249999999996,42.752250000000004,73.9045,54.748,46.2175,58.3,2025-08-23
STU-0222,Kiran Patel,2025 · Term 1,Computer Science,2,6.42,0,36.739,35.06075,42.44775,73.29549999999999,54.052,45.7825,57.7,2025-08-23
STU-0222,Kiran Patel,2025 · Term 2,Computer Science,2,6.29,0,36.217,34.582249999999995,42.14325,72.6865,53.356,45.3475,57.1,2025-08-23
STU-0223,Avani Patel,2024 · Term 1,Civil Engineering,2,8.8,0,79.0975,77.76437499999999,69.331875,39.16375,32.23,70.83125,47.4,2025-08-14
STU-0223,Avani Patel,2024 · Term 2,Civil Engineering,2,9.11,0,80.43249999999999,78.988125,70.110625,40.72125,34.01,71.94375,48.9,2025-08-14
STU-0223,Avani Patel,2025 · Term 1,Civil Engineering,2,9.42,0,81.7675,80.21187499999999,70.889375,42.27875,35.79,73.05625,50.4,2025-08-14
STU-0223,Avani Patel,2025 · Term 2,Civil Engineering,2,9.73,0,83.10249999999999,81.435625,71.668125,43.83625,37.57,74.16875,51.9,2025-08-14
STU-0224,Saanvi Patel,2024 · Term 1,Computer Science,2,7.65,0,51.496,43.038,69.306,31.412,78.72800000000001,67.58,59.2,2025-08-21
STU-0224,Saanvi Patel,2024 · Term 2,Computer Science,2,7.72,0,51.832,43.346,69.502,31.804,79.176,67.86,59.6,2025-08-21
STU-0224,Saanvi Patel,2025 · Term 1,Computer Science,2,7.8,0,52.168,43.654,69.698,32.196,79.62400000000001,68.14,60,2025-08-21
STU-0224,Saanvi Patel,2025 · Term 2,Computer Science,2,7.88,0,52.504,43.962,69.89399999999999,32.588,80.072,68.42,60.4,2025-08-21
STU-0225,Aarav Kapoor,2024 · Term 1,Civil Engineering,2,6.33,0,78.1105,54.309625000000004,49.406125,88.51225,93.114,49.50875,77,2025-08-12
STU-0225,Aarav Kapoor,2024 · Term 2,Civil Engineering,2,6.14,0,77.3035,53.569875,48.935375,87.57074999999999,92.038,48.83625,76.1,2025-08-12
STU-0225,Aarav Kapoor,2025 · Term 1,Civil Engineering,2,5.96,1,76.49650000000001,52.830125,48.464625000000005,86.62925,90.962,48.16375,75.3,2025-08-12
STU-0225,Aarav Kapoor,2025 · Term 2,Civil Engineering,2,5.77,2,75.68950000000001,52.090375,47.993875,85.68775,89.886,47.49125,74.4,2025-08-12
STU-0226,Mira Kapoor,2024 · Term 1,Business Analytics,2,8.47,0,60.824999999999996,32.45625,38.481249999999996,34.5625,29.9,48.2875,37.6,2025-08-03
STU-0226,Mira Kapoor,2024 · Term 2,Business Analytics,2,8.71,0,61.875,33.418749999999996,39.09375,35.7875,31.3,49.1625,38.8,2025-08-03
STU-0226,Mira Kapoor,2025 · Term 1,Business Analytics,2,8.96,0,62.925,34.38125,39.70625,37.012499999999996,32.7,50.0375,39.9,2025-08-03
STU-0226,Mira Kapoor,2025 · Term 2,Business Analytics,2,9.2,0,63.975,35.34375,40.31875,38.2375,34.1,50.9125,41.1,2025-08-03
STU-0227,Maya Kapoor,2024 · Term 1,Mechanical,2,7.15,0,90.6395,42.527875,52.581375,68.66275,82.28599999999999,53.61625,68.2,2025-08-22
STU-0227,Maya Kapoor,2024 · Term 2,Mechanical,2,7.13,0,90.5465,42.442625,52.527125,68.55425,82.16199999999999,53.53875,68.1,2025-08-22
STU-0227,Maya Kapoor,2025 · Term 1,Mechanical,2,7.11,0,90.4535,42.357375,52.472875,68.44575,82.038,53.46125,68,2025-08-22
STU-0227,Maya Kapoor,2025 · Term 2,Mechanical,2,7.09,0,90.3605,42.272124999999996,52.418625,68.33725,81.914,53.38375,67.9,2025-08-22
STU-0228,Dev Kapoor,2024 · Term 1,Business Analytics,2,6,1,43.437999999999995,74.4015,89.3555,45.911,96.984,75.96499999999999,73,2025-08-01
STU-0228,Dev Kapoor,2024 · Term 2,Business Analytics,2,5.75,2,42.346,73.40050000000001,88.7185,44.637,95.52799999999999,75.05499999999999,71.7,2025-08-01
STU-0228,Dev Kapoor,2025 · Term 1,Business Analytics,2,5.49,0,41.254,72.3995,88.0815,43.363,94.072,74.145,70.5,2025-08-01
STU-0228,Dev Kapoor,2025 · Term 2,Business Analytics,2,5.24,1,40.162,71.39850000000001,87.4445,42.089,92.616,73.235,69.3,2025-08-01
STU-0229,Sara Kapoor,2024 · Term 1,Mechanical,2,8.14,0,92.1525,83.34812500000001,84.43062499999999,62.16125,87.37,86.34375,78.6,2025-08-20
STU-0229,Sara Kapoor,2024 · Term 2,Mechanical,2,8.32,0,92.9175,84.04937500000001,84.876875,63.05375,88.39,86.98125,79.5,2025-08-20
STU-0229,Sara Kapoor,2025 · Term 1,Mechanical,2,8.5,0,93.68249999999999,84.750625,85.32312499999999,63.94625,89.41000000000001,87.61874999999999,80.3,2025-08-20
STU-0229,Sara Kapoor,2025 · Term 2,Mechanical,2,8.68,0,94.44749999999999,85.451875,85.769375,64.83875,90.43,88.25625,81.2,2025-08-20
STU-0230,Aditi Kapoor,2024 · Term 1,Information Technology,2,8.63,0,59.1135,89.362375,87.257875,57.615750000000006,41.918,47.411249999999995,49,2025-08-26
STU-0230,Aditi Kapoor,2024 · Term 2,Information Technology,2,8.91,0,60.3045,90.454125,87.952625,59.005250000000004,43.506,48.403749999999995,50.3,2025-08-26
STU-0230,Aditi Kapoor,2025 · Term 1,Information Technology,2,9.19,0,61.4955,91.545875,88.647375,60.39475,45.093999999999994,49.39625,51.6,2025-08-26
STU-0230,Aditi Kapoor,2025 · Term 2,Information Technology,2,9.46,0,62.686499999999995,92.637625,89.342125,61.78425,46.681999999999995,50.38875,53,2025-08-26
STU-0231,Nikhil Kapoor,2024 · Term 1,Electronics,2,6.49,0,45.999,42.21575,63.58275,67.96549999999999,46.532000000000004,65.8325,60.1,2025-08-07
STU-0231,Nikhil Kapoor,2024 · Term 2,Electronics,2,6.34,0,45.333,41.60525,63.19425,67.18849999999999,45.644000000000005,65.2775,59.4,2025-08-07
STU-0231,Nikhil Kapoor,2025 · Term 1,Electronics,2,6.18,1,44.667,40.994749999999996,62.80575,66.4115,44.756,64.7225,58.6,2025-08-07
STU-0231,Nikhil Kapoor,2025 · Term 2,Electronics,2,6.03,2,44.001,40.384249999999994,62.41725,65.6345,43.868,64.1675,57.9,2025-08-07
STU-0232,Naina Kapoor,2024 · Term 1,Mechanical,2,7.81,0,40.984500000000004,95.74412500000001,37.682625,85.46525,64.546,78.90375,76.3,2025-08-16
STU-0232,Naina Kapoor,2024 · Term 2,Mechanical,2,7.92,1,41.4615,96.181375,37.960875,86.02175,65.182,79.30125,76.8,2025-08-16
STU-0232,Naina Kapoor,2025 · Term 1,Mechanical,2,8.03,0,41.938500000000005,96.61862500000001,38.239125,86.57825,65.818,79.69875,77.4,2025-08-16
STU-0232,Naina Kapoor,2025 · Term 2,Mechanical,2,8.14,0,42.4155,97.055875,38.517375,87.13475,66.454,80.09625,77.9,2025-08-16
STU-0233,Diya Kapoor,2024 · Term 1,Business Analytics,2,5.67,1,90.66999999999999,68.7975,73.6075,80.81500000000001,64.56,61.925000000000004,69.1,2025-08-25
STU-0233,Diya Kapoor,2024 · Term 2,Business Analytics,2,5.35,2,89.28999999999999,67.5325,72.80250000000001,79.20500000000001,62.72,60.775000000000006,67.6,2025-08-25
STU-0233,Diya Kapoor,2025 · Term 1,Business Analytics,2,5.03,0,87.91,66.26750000000001,71.9975,77.595,60.879999999999995,59.625,66,2025-08-25
STU-0233,Diya Kapoor,2025 · Term 2,Business Analytics,2,4.71,1,86.53,65.00250000000001,71.19250000000001,75.985,59.04,58.475,64.5,2025-08-25
STU-0234,Vihaan Kapoor,2024 · Term 1,Civil Engineering,2,6.99,0,59.8555,66.325875,56.907375,73.51474999999999,93.974,83.59625,83.7,2025-08-06
STU-0234,Vihaan Kapoor,2024 · Term 2,Civil Engineering,2,6.93,0,59.6185,66.108625,56.769125,73.23825,93.658,83.39874999999999,83.4,2025-08-06
STU-0234,Vihaan Kapoor,2025 · Term 1,Civil Engineering,2,6.88,0,59.3815,65.891375,56.630875,72.96175,93.342,83.20125,83.2,2025-08-06
STU-0234,Vihaan Kapoor,2025 · Term 2,Civil Engineering,2,6.82,0,59.1445,65.674125,56.492625000000004,72.68525,93.026,83.00375,82.9,2025-08-06
STU-0235,Akash Kapoor,2024 · Term 1,Computer Science,2,8.3,0,47.041,42.85425,32.407250000000005,56.6145,93.788,68.0675,72.8,2025-08-15
STU-0235,Akash Kapoor,2024 · Term 2,Computer Science,2,8.51,0,47.946999999999996,43.68475,32.935750000000006,57.6715,94.996,68.8225,73.8,2025-08-15
STU-0235,Akash Kapoor,2025 · Term 1,Computer Science,2,8.72,0,48.853,44.51525,33.46425,58.728500000000004,96.204,69.5775,74.8,2025-08-15
STU-0235,Akash Kapoor,2025 · Term 2,Computer Science,2,8.94,0,49.759,45.34575,33.99275,59.785500000000006,97.41199999999999,70.33250000000001,75.8,2025-08-15
STU-0236,Neha Kapoor,2024 · Term 1,Information Technology,2,6.17,1,68.12650000000001,61.307625,61.132124999999995,64.36425,82.202,59.68875,68.8,2025-08-24
STU-0236,Neha Kapoor,2024 · Term 2,Information Technology,2,5.94,2,67.1755,60.435875,60.577374999999996,63.25475,80.934,58.89625,67.7,2025-08-24
STU-0236,Neha Kapoor,2025 · Term 1,Information Technology,2,5.72,0,66.2245,59.564125,60.022625,62.145250000000004,79.666,58.10375,66.6,2025-08-24
STU-0236,Neha Kapoor,2025 · Term 2,Information Technology,2,5.5,1,65.2735,58.692375,59.467875,61.03575,78.398,57.31125,65.6,2025-08-24
STU-0237,Reyansh Kapoor,2024 · Term 1,Electronics,2,7.48,0,93.712,95.63600000000001,70.63199999999999,49.464,80.416,61.96,63.9,2025-08-05
STU-0237,Reyansh Kapoor,2024 · Term 2,Electronics,2,7.53,0,93.904,95.81200000000001,70.744,49.687999999999995,80.672,62.120000000000005,64.2,2025-08-05
STU-0237,Reyansh Kapoor,2025 · Term 1,Electronics,2,7.57,0,94.096,95.988,70.856,49.912,80.928,62.28,64.4,2025-08-05
STU-0237,Reyansh Kapoor,2025 · Term 2,Electronics,2,7.62,0,94.288,96.164,70.968,50.135999999999996,81.184,62.440000000000005,64.6,2025-08-05
STU-0238,Ishaan Kapoor,2024 · Term 1,Mechanical,2,8.8,0,62.89750000000001,87.96437499999999,86.331875,76.76374999999999,34.03,60.03125,56.9,2025-08-14
STU-0238,Ishaan Kapoor,2024 · Term 2,Mechanical,2,9.11,0,64.2325,89.188125,87.110625,78.32124999999999,35.81,61.143750000000004,58.4,2025-08-14
STU-0238,Ishaan Kapoor,2025 · Term 1,Mechanical,2,9.42,0,65.56750000000001,90.411875,87.889375,79.87875,37.59,62.25625,59.9,2025-08-14
STU-0238,Ishaan Kapoor,2025 · Term 2,Mechanical,2,9.73,0,66.9025,91.635625,88.668125,81.43625,39.370000000000005,63.368750000000006,61.4,2025-08-14
STU-0239,Zoya Kapoor,2024 · Term 1,Business Analytics,2,6.66,0,89.783,70.21775,92.45675,46.713499999999996,76.844,89.05250000000001,70.9,2025-08-23
STU-0239,Zoya Kapoor,2024 · Term 2,Business Analytics,2,6.54,0,89.261,69.73925,92.15225,46.104499999999994,76.148,88.6175,70.3,2025-08-23
STU-0239,Zoya Kapoor,2025 · Term 1,Business Analytics,2,6.42,1,88.739,69.26075,91.84775,45.4955,75.452,88.1825,69.7,2025-08-23
STU-0239,Zoya Kapoor,2025 · Term 2,Business Analytics,2,6.29,0,88.217,68.78225,91.54325,44.8865,74.756,87.7475,69.1,2025-08-23
STU-0240,Amara Kapoor,2024 · Term 1,Business Analytics,2,7.38,0,50.447,37.95975,86.31075,53.4215,84.99600000000001,73.27250000000001,70.6,2025-08-23
STU-0240,Amara Kapoor,2024 · Term 2,Business Analytics,2,7.4,0,50.549,38.05325,86.37025,53.5405,85.132,73.3575,70.7,2025-08-23
STU-0240,Amara Kapoor,2025 · Term 1,Business Analytics,2,7.42,0,50.651,38.146750000000004,86.42975000000001,53.6595,85.268,73.44250000000001,70.8,2025-08-23
STU-0240,Amara Kapoor,2025 · Term 2,Business Analytics,2,7.45,0,50.753,38.24025,86.48925000000001,53.7785,85.404,73.5275,70.9,2025-08-23
STU-0241,Pranav Kapoor,2024 · Term 1,Mechanical,2,6.06,0,36.261500000000005,52.631375000000006,85.81087500000001,87.52175,96.782,97.00125,93.8,2025-08-14
STU-0241,Pranav Kapoor,2024 · Term 2,Mechanical,2,5.82,1,35.2205,51.677125000000004,85.203625,86.30725,95.394,96.13375,92.6,2025-08-14
STU-0241,Pranav Kapoor,2025 · Term 1,Mechanical,2,5.58,2,34.179500000000004,50.722875,84.59637500000001,85.09275000000001,94.006,95.26625,91.5,2025-08-14
STU-0241,Pranav Kapoor,2025 · Term 2,Mechanical,2,5.33,0,33.1385,49.768625,83.989125,83.87825000000001,92.61800000000001,94.39875,90.3,2025-08-14
STU-0242,Tanish Kapoor,2024 · Term 1,Computer Science,2,6.56,0,74.518,33.14149999999999,86.3355,44.870999999999995,83.024,56.365,61.4,2025-08-13
STU-0242,Tanish Kapoor,2024 · Term 2,Computer Science,2,6.41,0,73.90599999999999,32.5805,85.9785,44.157,82.208,55.855000000000004,60.7,2025-08-13
STU-0242,Tanish Kapoor,2025 · Term 1,Computer Science,2,6.27,0,73.294,32.019499999999994,85.6215,43.443,81.392,55.345,60.1,2025-08-13
STU-0242,Tanish Kapoor,2025 · Term 2,Computer Science,2,6.13,0,72.68199999999999,31.458499999999997,85.2645,42.729,80.576,54.835,59.4,2025-08-13
STU-0243,Kavya Kapoor,2024 · Term 1,Civil Engineering,2,8.69,0,43.0325,86.688125,33.410625,87.32125,72.61,63.74375,74.6,2025-08-04
STU-0243,Kavya Kapoor,2024 · Term 2,Civil Engineering,2,8.98,0,44.277499999999996,87.829375,34.136875,88.77375,74.27,64.78125,75.9,2025-08-04
STU-0243,Kavya Kapoor,2025 · Term 1,Civil Engineering,2,9.27,0,45.5225,88.97062500000001,34.863125,90.22625,75.92999999999999,65.81875,77.3,2025-08-04
STU-0243,Kavya Kapoor,2025 · Term 2,Civil Engineering,2,9.56,0,46.7675,90.11187500000001,35.589375,91.67875,77.58999999999999,66.85625,78.7,2025-08-04
STU-0244,Aditya Kapoor,2024 · Term 1,Electronics,2,5.74,2,48.388999999999996,51.32325,34.16025,67.12049999999999,40.852000000000004,77.0575,61.7,2025-08-03
STU-0244,Aditya Kapoor,2024 · Term 2,Electronics,2,5.43,0,47.062999999999995,50.10775,33.38675,65.5735,39.084,75.9525,60.2,2025-08-03
STU-0244,Aditya Kapoor,2025 · Term 1,Electronics,2,5.12,1,45.737,48.89225,32.61325,64.0265,37.316,74.84750000000001,58.7,2025-08-03
STU-0244,Aditya Kapoor,2025 · Term 2,Electronics,2,4.81,2,44.411,47.67675,31.83975,62.479499999999994,35.548,73.7425,57.3,2025-08-03
STU-0245,Ananya Kapoor,2024 · Term 1,Information Technology,2,7.87,0,43.3035,63.269875,59.835375,68.97075000000001,48.638000000000005,94.83625,70.8,2025-08-22
STU-0245,Ananya Kapoor,2024 · Term 2,Information Technology,2,7.99,0,43.8345,63.756625,60.145125,69.59025000000001,49.346000000000004,95.27875,71.4,2025-08-22
STU-0245,Ananya Kapoor,2025 · Term 1,Information Technology,2,8.12,0,44.365500000000004,64.243375,60.454874999999994,70.20975,50.054,95.72125,72,2025-08-22
STU-0245,Ananya Kapoor,2025 · Term 2,Information Technology,2,8.24,0,44.8965,64.730125,60.764624999999995,70.82925,50.762,96.16375,72.6,2025-08-22
STU-0246,Rhea Kapoor,2024 · Term 1,Business Analytics,2,8.36,0,29.959999999999997,30.78,55.16,54.72,46.08,95.2,65.3,2025-08-21
STU-0246,Rhea Kapoor,2024 · Term 2,Business Analytics,2,8.59,0,30.919999999999998,31.66,55.72,55.839999999999996,47.36,96,66.4,2025-08-21
STU-0246,Rhea Kapoor,2025 · Term 1,Business Analytics,2,8.81,1,31.88,32.54,56.28,56.96,48.64,96.80000000000001,67.5,2025-08-21
STU-0246,Rhea Kapoor,2025 · Term 2,Business Analytics,2,9.04,0,32.839999999999996,33.42,56.84,58.08,49.92,97.60000000000001,68.5,2025-08-21
STU-0247,Tara Kapoor,2024 · Term 1,Mechanical,2,7.05,0,86.17450000000001,65.65162500000001,71.060125,51.62025,75.666,67.12875000000001,64.8,2025-08-12
STU-0247,Tara Kapoor,2024 · Term 2,Mechanical,2,7.01,0,85.9915,65.48387500000001,70.95337500000001,51.406749999999995,75.422,66.97625000000001,64.6,2025-08-12
STU-0247,Tara Kapoor,2025 · Term 1,Mechanical,2,6.96,0,85.80850000000001,65.316125,70.846625,51.19325,75.178,66.82375,64.4,2025-08-12
STU-0247,Tara Kapoor,2025 · Term 2,Mechanical,2,6.92,0,85.6255,65.148375,70.73987500000001,50.979749999999996,74.934,66.67125,64.2,2025-08-12
STU-0248,Kabir Kapoor,2024 · Term 1,Electronics,2,7.21,1,81.263,76.15775,80.23675,49.0735,84.284,56.8525,63.4,2025-08-07
STU-0248,Kabir Kapoor,2024 · Term 2,Electronics,2,7.2,0,81.221,76.11925,80.21225,49.0245,84.22800000000001,56.817499999999995,63.4,2025-08-07
STU-0248,Kabir Kapoor,2025 · Term 1,Electronics,2,7.19,0,81.179,76.08075,80.18775000000001,48.9755,84.172,56.7825,63.3,2025-08-07
STU-0248,Kabir Kapoor,2025 · Term 2,Electronics,2,7.18,0,81.137,76.04225,80.16325,48.9265,84.116,56.747499999999995,63.3,2025-08-07
STU-0249,Esha Kapoor,2024 · Term 1,Information Technology,2,5.9,1,87.67750000000001,92.829375,77.536875,79.17375,80.27000000000001,67.58125,75.7,2025-08-26
STU-0249,Esha Kapoor,2024 · Term 2,Information Technology,2,5.62,2,86.4925,91.743125,76.845625,77.79124999999999,78.69000000000001,66.59375,74.4,2025-08-26
STU-0249,Esha Kapoor,2025 · Term 1,Information Technology,2,5.34,0,85.3075,90.656875,76.154375,76.40875,77.11,65.60624999999999,73,2025-08-26
STU-0249,Esha Kapoor,2025 · Term 2,Information Technology,2,5.07,1,84.1225,89.570625,75.463125,75.02624999999999,75.53,64.61874999999999,71.7,2025-08-26
STU-0250,Arjun Kapoor,2024 · Term 1,Mechanical,2,6.72,0,45.006499999999996,70.247625,84.512125,33.92425,95.04199999999999,48.888749999999995,59.3,2025-08-08
STU-0250,Arjun Kapoor,2024 · Term 2,Mechanical,2,6.61,0,44.5355,69.81587499999999,84.237375,33.37475,94.41399999999999,48.496249999999996,58.8,2025-08-08
STU-0250,Arjun Kapoor,2025 · Term 1,Mechanical,2,6.5,0,44.064499999999995,69.384125,83.96262499999999,32.825250000000004,93.786,48.10375,58.2,2025-08-08
STU-0250,Arjun Kapoor,2025 · Term 2,Mechanical,2,6.39,0,43.5935,68.95237499999999,83.68787499999999,32.27575,93.158,47.71125,57.7,2025-08-08
STU-0251,Rohan Kapoor,2024 · Term 1,Business Analytics,2,8.03,0,85.39200000000001,58.976,37.412,47.224,77.256,70.36,64.9,2025-08-17
STU-0251,Rohan Kapoor,2024 · Term 2,Business Analytics,2,8.19,0,86.06400000000001,59.592,37.804,48.007999999999996,78.152,70.92,65.7,2025-08-17
STU-0251,Rohan Kapoor,2025 · Term 1,Business Analytics,2,8.35,0,86.736,60.208,38.196,48.792,79.04799999999999,71.48,66.4,2025-08-17
STU-0251,Rohan Kapoor,2025 · Term 2,Business Analytics,2,8.5,0,87.408,60.824,38.588,49.576,79.94399999999999,72.04,67.2,2025-08-17
STU-0252,Yash Kapoor,2024 · Term 1,Information Technology,2,7.54,0,60.9355,58.465875,87.687375,81.07475,84.214,56.39625,73.9,2025-08-18
STU-0252,Yash Kapoor,2024 · Term 2,Information Technology,2,7.6,0,61.1785,58.688624999999995,87.829125,81.35825,84.538,56.59875,74.2,2025-08-18
STU-0252,Yash Kapoor,2025 · Term 1,Information Technology,2,7.65,0,61.421499999999995,58.911375,87.970875,81.64175,84.86200000000001,56.80125,74.4,2025-08-18
STU-0252,Yash Kapoor,2025 · Term 2,Information Technology,2,7.71,1,61.6645,59.134125,88.11262500000001,81.92525,85.186,57.003750000000004,74.7,2025-08-18
STU-0253,Meera Kapoor,2024 · Term 1,Electronics,2,8.85,0,31.121000000000002,44.99425,73.58725,46.9745,31.828000000000003,47.6675,42.2,2025-08-27
STU-0253,Meera Kapoor,2024 · Term 2,Electronics,2,9.18,0,32.507000000000005,46.26475,74.39574999999999,48.591499999999996,33.676,48.8225,43.7,2025-08-27
STU-0253,Meera Kapoor,2025 · Term 1,Electronics,2,9.5,0,33.893,47.53525,75.20425,50.2085,35.524,49.9775,45.2,2025-08-27
STU-0253,Meera Kapoor,2025 · Term 2,Electronics,2,9.82,0,35.279,48.805749999999996,76.01275,51.8255,37.372,51.1325,46.8,2025-08-27
STU-0254,Kiran Kapoor,2024 · Term 1,Civil Engineering,2,8.36,1,76.4645,46.484125,71.462625,74.82525,51.986,80.10374999999999,69,2025-08-28
STU-0254,Kiran Kapoor,2024 · Term 2,Civil Engineering,2,8.58,0,77.42150000000001,47.361374999999995,72.020875,75.94175,53.262,80.90124999999999,70,2025-08-28
STU-0254,Kiran Kapoor,2025 · Term 1,Civil Engineering,2,8.81,0,78.3785,48.238625,72.57912499999999,77.05825,54.538,81.69875,71.1,2025-08-28
STU-0254,Kiran Kapoor,2025 · Term 2,Civil Engineering,2,9.03,0,79.33550000000001,49.115874999999996,73.13737499999999,78.17475,55.814,82.49625,72.2,2025-08-28
STU-0255,Avani Kapoor,2024 · Term 1,Computer Science,2,6.22,0,40.15,40.9375,59.1875,41.375,81,88.125,70.2,2025-08-09
STU-0255,Avani Kapoor,2024 · Term 2,Computer Science,2,6.01,1,39.25,40.112500000000004,58.6625,40.324999999999996,79.8,87.375,69.2,2025-08-09
STU-0255,Avani Kapoor,2025 · Term 1,Computer Science,2,5.8,2,38.349999999999994,39.2875,58.137499999999996,39.275,78.60000000000001,86.625,68.2,2025-08-09
STU-0255,Avani Kapoor,2025 · Term 2,Computer Science,2,5.59,0,37.449999999999996,38.462500000000006,57.6125,38.224999999999994,77.4,85.875,67.2,2025-08-09
STU-0256,Saanvi Kapoor,2024 · Term 1,Mechanical,3,5.73,0,53.893499999999996,94.427375,40.062875,56.82575,36.758,77.36125,57,2025-08-10
STU-0256,Saanvi Kapoor,2024 · Term 2,Mechanical,3,5.42,1,52.564499999999995,93.209125,39.287625,55.27525,34.986000000000004,76.25375,55.5,2025-08-10
STU-0256,Saanvi Kapoor,2025 · Term 1,Mechanical,3,5.11,2,51.2355,91.99087499999999,38.512375,53.72475,33.214,75.14625000000001,54,2025-08-10
STU-0256,Saanvi Kapoor,2025 · Term 2,Mechanical,3,4.8,0,49.9065,90.77262499999999,37.737125,52.17425,31.442,74.03875000000001,52.6,2025-08-10
STU-0257,Aarav Joshi,2024 · Term 1,Business Analytics,3,7.05,0,75.079,51.95575,78.16275,90.3255,57.372,49.432500000000005,65.7,2025-08-19
STU-0257,Aarav Joshi,2024 · Term 2,Business Analytics,3,7,0,74.893,51.785250000000005,78.05425,90.1085,57.124,49.2775,65.5,2025-08-19
STU-0257,Aarav Joshi,2025 · Term 1,Business Analytics,3,6.96,0,74.707,51.61475,77.94575,89.8915,56.876,49.1225,65.3,2025-08-19
STU-0257,Aarav Joshi,2025 · Term 2,Business Analytics,3,6.92,0,74.521,51.444250000000004,77.83725,89.6745,56.628,48.9675,65.1,2025-08-19
STU-0258,Mira Joshi,2024 · Term 1,Civil Engineering,3,6.88,0,83.9905,95.04962499999999,39.786125,40.27225,91.954,73.30875,68.5,2025-08-24
STU-0258,Mira Joshi,2024 · Term 2,Civil Engineering,3,6.81,0,83.6635,94.74987499999999,39.595375,39.890750000000004,91.518,73.03625000000001,68.1,2025-08-24
STU-0258,Mira Joshi,2025 · Term 1,Civil Engineering,3,6.73,0,83.3365,94.450125,39.404625,39.50925,91.082,72.76375,67.8,2025-08-24
STU-0258,Mira Joshi,2025 · Term 2,Civil Engineering,3,6.66,0,83.0095,94.150375,39.213875,39.127750000000006,90.646,72.49125000000001,67.4,2025-08-24
STU-0259,Maya Joshi,2024 · Term 1,Computer Science,3,8.2,0,82.776,81.978,43.686,51.772000000000006,54.368,62.98,56.4,2025-08-05
STU-0259,Maya Joshi,2024 · Term 2,Computer Science,3,8.39,0,83.592,82.726,44.162,52.724000000000004,55.456,63.66,57.3,2025-08-05
STU-0259,Maya Joshi,2025 · Term 1,Computer Science,3,8.58,0,84.408,83.47399999999999,44.638,53.676,56.544,64.34,58.2,2025-08-05
STU-0259,Maya Joshi,2025 · Term 2,Computer Science,3,8.77,0,85.224,84.222,45.114,54.628,57.632,65.02,59.1,2025-08-05
STU-0260,Dev Joshi,2024 · Term 1,Computer Science,3,8.7,0,77.128,35.984,35.308,46.216,54.504,78.64,59.8,2025-08-25
STU-0260,Dev Joshi,2024 · Term 2,Computer Science,3,8.99,0,78.376,37.128,36.036,47.672,56.168,79.68,61.2,2025-08-25
STU-0260,Dev Joshi,2025 · Term 1,Computer Science,3,9.28,0,79.624,38.272000000000006,36.763999999999996,49.128,57.832,80.72,62.6,2025-08-25
STU-0260,Dev Joshi,2025 · Term 2,Computer Science,3,9.57,0,80.872,39.416000000000004,37.492,50.583999999999996,59.496,81.76,63.9,2025-08-25
STU-0261,Sara Joshi,2024 · Term 1,Civil Engineering,3,7.38,0,61.1425,69.655625,34.008125,55.31625,88.29,80.16875,74.6,2025-08-16
STU-0261,Sara Joshi,2024 · Term 2,Civil Engineering,3,7.41,0,61.247499999999995,69.751875,34.069375,55.43875,88.43,80.25625,74.7,2025-08-16
STU-0261,Sara Joshi,2025 · Term 1,Civil Engineering,3,7.43,0,61.3525,69.848125,34.130625,55.56125,88.57,80.34375,74.8,2025-08-16
STU-0261,Sara Joshi,2025 · Term 2,Civil Engineering,3,7.45,0,61.457499999999996,69.944375,34.191875,55.68375,88.71,80.43124999999999,74.9,2025-08-16
STU-0262,Aditi Joshi,2024 · Term 1,Business Analytics,3,6.07,1,65.157,55.52725,59.70825,33.4165,78.476,54.4975,55.5,2025-08-07
STU-0262,Aditi Joshi,2024 · Term 2,Business Analytics,3,5.82,2,64.119,54.57575,59.10275,32.2055,77.092,53.6325,54.3,2025-08-07
STU-0262,Aditi Joshi,2025 · Term 1,Business Analytics,3,5.58,0,63.081,53.62425,58.497249999999994,30.994500000000002,75.70800000000001,52.767500000000005,53.2,2025-08-07
STU-0262,Aditi Joshi,2025 · Term 2,Business Analytics,3,5.34,1,62.043,52.67275,57.891749999999995,29.7835,74.32400000000001,51.9025,52,2025-08-07
STU-0263,Nikhil Joshi,2024 · Term 1,Mechanical,3,8.2,0,38.0715,32.873875,46.983375,36.46675,48.862,79.27624999999999,54.9,2025-08-26
STU-0263,Nikhil Joshi,2024 · Term 2,Mechanical,3,8.39,0,38.890499999999996,33.624625,47.461125,37.42225,49.954,79.95875,55.8,2025-08-26
STU-0263,Nikhil Joshi,2025 · Term 1,Mechanical,3,8.58,0,39.7095,34.375375,47.938875,38.37775,51.046,80.64125,56.7,2025-08-26
STU-0263,Nikhil Joshi,2025 · Term 2,Mechanical,3,8.78,0,40.528499999999994,35.126125,48.416625,39.33325,52.138,81.32375,57.6,2025-08-26
STU-0264,Naina Joshi,2024 · Term 1,Electronics,3,6.89,0,82.286,40.7455,48.8835,87.36699999999999,59.448,39.805,62.2,2025-08-17
STU-0264,Naina Joshi,2024 · Term 2,Electronics,3,6.81,0,81.962,40.448499999999996,48.6945,86.98899999999999,59.016,39.535,61.8,2025-08-17
STU-0264,Naina Joshi,2025 · Term 1,Electronics,3,6.74,0,81.63799999999999,40.1515,48.505500000000005,86.611,58.583999999999996,39.265,61.5,2025-08-17
STU-0264,Naina Joshi,2025 · Term 2,Electronics,3,6.66,0,81.314,39.854499999999994,48.316500000000005,86.233,58.151999999999994,38.995,61.1,2025-08-17
STU-0265,Diya Joshi,2024 · Term 1,Information Technology,3,9.02,0,29.200499999999998,64.292125,44.758625,61.21725,34.833999999999996,72.38374999999999,56.1,2025-08-08
STU-0265,Diya Joshi,2024 · Term 2,Information Technology,3,9.38,0,30.7335,65.69737500000001,45.652875,63.00575,36.878,73.66125,57.8,2025-08-08
STU-0265,Diya Joshi,2025 · Term 1,Information Technology,3,9.74,0,32.2665,67.102625,46.547125,64.79425,38.922,74.93875,59.6,2025-08-08
STU-0265,Diya Joshi,2025 · Term 2,Information Technology,3,10,0,33.7995,68.50787500000001,47.441375,66.58275,40.966,76.21625,61.3,2025-08-08
STU-0266,Vihaan Joshi,2024 · Term 1,Computer Science,3,7.71,0,61.015,95.96375,75.05875,59.917500000000004,54.42,91.7125,68.7,2025-08-27
STU-0266,Vihaan Joshi,2024 · Term 2,Computer Science,3,7.8,0,61.405,96.32125,75.28625000000001,60.3725,54.940000000000005,92.03750000000001,69.1,2025-08-27
STU-0266,Vihaan Joshi,2025 · Term 1,Computer Science,3,7.89,0,61.795,96.67875,75.51375,60.8275,55.46,92.3625,69.5,2025-08-27
STU-0266,Vihaan Joshi,2025 · Term 2,Computer Science,3,7.98,0,62.185,97.03625,75.74125000000001,61.2825,55.980000000000004,92.6875,70,2025-08-27
STU-0267,Akash Joshi,2024 · Term 1,Civil Engineering,3,6.39,0,81.22949999999999,81.035375,73.158875,45.81775,87.806,66.84125,66.8,2025-08-18
STU-0267,Akash Joshi,2024 · Term 2,Civil Engineering,3,6.22,0,80.47649999999999,80.345125,72.719625,44.93925,86.80199999999999,66.21375,66,2025-08-18
STU-0267,Akash Joshi,2025 · Term 1,Civil Engineering,3,6.04,1,79.7235,79.654875,72.280375,44.06075,85.798,65.58625,65.1,2025-08-18
STU-0267,Akash Joshi,2025 · Term 2,Civil Engineering,3,5.87,2,78.9705,78.964625,71.841125,43.18225,84.794,64.95875000000001,64.3,2025-08-18
STU-0268,Neha Joshi,2024 · Term 1,Business Analytics,3,8.53,0,57.744,51.182,81.834,61.068,46.792,42.019999999999996,50,2025-08-09
STU-0268,Neha Joshi,2024 · Term 2,Business Analytics,3,8.79,0,58.848,52.194,82.478,62.356,48.264,42.94,51.2,2025-08-09
STU-0268,Neha Joshi,2025 · Term 1,Business Analytics,3,9.04,0,59.952,53.206,83.122,63.644,49.736,43.86,52.4,2025-08-09
STU-0268,Neha Joshi,2025 · Term 2,Business Analytics,3,9.3,0,61.056,54.218,83.76599999999999,64.932,51.208,44.78,53.6,2025-08-09
STU-0269,Reyansh Joshi,2024 · Term 1,Mechanical,3,7.22,0,89.15849999999999,40.653625,76.134125,97.56825,53.578,77.54875,76.2,2025-08-28
STU-0269,Reyansh Joshi,2024 · Term 2,Mechanical,3,7.21,1,89.11949999999999,40.617875,76.111375,97.52275,53.526,77.51625,76.2,2025-08-28
STU-0269,Reyansh Joshi,2025 · Term 1,Mechanical,3,7.2,0,89.0805,40.582125000000005,76.088625,97.47725,53.474,77.48375,76.1,2025-08-28
STU-0269,Reyansh Joshi,2025 · Term 2,Mechanical,3,7.19,0,89.0415,40.546375000000005,76.06587499999999,97.43175,53.422,77.45125,76.1,2025-08-28
STU-0270,Ishaan Joshi,2024 · Term 1,Civil Engineering,3,8.04,0,81.6875,53.671875,51.509375,82.31875,35.35,93.25625,70.3,2025-08-10
STU-0270,Ishaan Joshi,2024 · Term 2,Civil Engineering,3,8.19,0,82.3625,54.290625,51.903125,83.10625,36.25,93.81875,71.1,2025-08-10
STU-0270,Ishaan Joshi,2025 · Term 1,Civil Engineering,3,8.35,0,83.03750000000001,54.909375000000004,52.296875,83.89375,37.150000000000006,94.38125,71.8,2025-08-10
STU-0270,Ishaan Joshi,2025 · Term 2,Civil Engineering,3,8.51,0,83.7125,55.528125,52.690625000000004,84.68125,38.050000000000004,94.94375,72.6,2025-08-10
STU-0271,Zoya Joshi,2024 · Term 1,Computer Science,3,5.9,0,38.773,64.32525,57.43425,50.6685,58.564,74.67750000000001,61.3,2025-08-19
STU-0271,Zoya Joshi,2024 · Term 2,Computer Science,3,5.62,1,37.591,63.24175,56.744749999999996,49.289500000000004,56.988,73.69250000000001,60,2025-08-19
STU-0271,Zoya Joshi,2025 · Term 1,Computer Science,3,5.35,2,36.409,62.15825,56.05525,47.9105,55.412000000000006,72.7075,58.7,2025-08-19
STU-0271,Zoya Joshi,2025 · Term 2,Computer Science,3,5.07,0,35.227,61.07475,55.36575,46.5315,53.836000000000006,71.7225,57.4,2025-08-19
STU-0272,Amara Joshi,2024 · Term 1,Information Technology,3,7.22,0,92.15849999999999,58.853624999999994,40.334125,38.56825,71.178,96.94875,68.9,2025-08-28
STU-0272,Amara Joshi,2024 · Term 2,Information Technology,3,7.21,0,92.11949999999999,58.817874999999994,40.311375,38.52275,71.12599999999999,96.91625,68.9,2025-08-28
STU-0272,Amara Joshi,2025 · Term 1,Information Technology,3,7.2,1,92.0805,58.782125,40.288624999999996,38.47725,71.074,96.88375,68.8,2025-08-28
STU-0272,Amara Joshi,2025 · Term 2,Information Technology,3,7.19,0,92.0415,58.746375,40.265874999999994,38.43175,71.02199999999999,96.85125000000001,68.8,2025-08-28
STU-0273,Pranav Joshi,2024 · Term 1,Electronics,3,8.53,0,86.344,87.782,53.833999999999996,84.068,90.392,35.419999999999995,70,2025-08-09
STU-0273,Pranav Joshi,2024 · Term 2,Electronics,3,8.79,0,87.448,88.794,54.477999999999994,85.356,91.86399999999999,36.339999999999996,71.2,2025-08-09
STU-0273,Pranav Joshi,2025 · Term 1,Electronics,3,9.04,0,88.552,89.806,55.122,86.644,93.336,37.26,72.4,2025-08-09
STU-0273,Pranav Joshi,2025 · Term 2,Electronics,3,9.3,0,89.656,90.818,55.766,87.932,94.80799999999999,38.18,73.6,2025-08-09
STU-0274,Tanish Joshi,2024 · Term 1,Information Technology,3,6.23,0,65.6455,80.433375,71.484875,92.26975,49.093999999999994,96.42125,79.3,2025-08-02
STU-0274,Tanish Joshi,2024 · Term 2,Information Technology,3,6.02,2,64.74849999999999,79.611125,70.961625,91.22325000000001,47.897999999999996,95.67375,78.3,2025-08-02
STU-0274,Tanish Joshi,2025 · Term 1,Information Technology,3,5.81,0,63.851499999999994,78.788875,70.43837500000001,90.17675,46.702,94.92625,77.3,2025-08-02
STU-0274,Tanish Joshi,2025 · Term 2,Information Technology,3,5.6,1,62.954499999999996,77.96662500000001,69.915125,89.13025,45.506,94.17875,76.3,2025-08-02
STU-0275,Kavya Joshi,2024 · Term 1,Electronics,3,7.54,0,88.631,74.36175,49.18475,76.76950000000001,72.508,67.29249999999999,72.2,2025-08-11
STU-0275,Kavya Joshi,2024 · Term 2,Electronics,3,7.6,0,88.877,74.58725,49.32825,77.0565,72.836,67.49749999999999,72.5,2025-08-11
STU-0275,Kavya Joshi,2025 · Term 1,Electronics,3,7.66,0,89.123,74.81275000000001,49.47175,77.3435,73.164,67.7025,72.7,2025-08-11
STU-0275,Kavya Joshi,2025 · Term 2,Electronics,3,7.72,0,89.369,75.03825,49.615249999999996,77.6305,73.492,67.9075,73,2025-08-11
STU-0276,Aditya Joshi,2024 · Term 1,Mechanical,3,8.86,0,44.4165,93.290125,83.284625,59.669250000000005,63.922000000000004,46.36375,56.7,2025-08-20
STU-0276,Aditya Joshi,2024 · Term 2,Mechanical,3,9.18,0,45.8055,94.56337500000001,84.094875,61.28975,65.774,47.52125,58.2,2025-08-20
STU-0276,Aditya Joshi,2025 · Term 1,Mechanical,3,9.51,0,47.1945,95.836625,84.905125,62.910250000000005,67.626,48.67875,59.7,2025-08-20
STU-0276,Aditya Joshi,2025 · Term 2,Mechanical,3,9.83,0,48.5835,97.109875,85.715375,64.53075,69.47800000000001,49.83625,61.3,2025-08-20
STU-0277,Ananya Joshi,2024 · Term 1,Business Analytics,3,6.72,0,83.30199999999999,39.743500000000004,80.20949999999999,80.819,57.136,66.985,68.3,2025-08-01
STU-0277,Ananya Joshi,2024 · Term 2,Business Analytics,3,6.61,0,82.83399999999999,39.3145,79.9365,80.273,56.512,66.595,67.8,2025-08-01
STU-0277,Ananya Joshi,2025 · Term 1,Business Analytics,3,6.5,0,82.366,38.8855,79.6635,79.727,55.888000000000005,66.20500000000001,67.3,2025-08-01
STU-0277,Ananya Joshi,2025 · Term 2,Business Analytics,3,6.39,0,81.898,38.4565,79.3905,79.181,55.264,65.81500000000001,66.8,2025-08-01
STU-0278,Rhea Joshi,2024 · Term 1,Mechanical,3,7.87,0,59.9035,40.869875,75.035375,39.370749999999994,49.038000000000004,57.23625,48.5,2025-08-22
STU-0278,Rhea Joshi,2024 · Term 2,Mechanical,3,7.99,0,60.4345,41.356625,75.345125,39.990249999999996,49.746,57.67875,49.1,2025-08-22
STU-0278,Rhea Joshi,2025 · Term 1,Mechanical,3,8.12,0,60.965500000000006,41.843375,75.654875,40.60975,50.454,58.121249999999996,49.7,2025-08-22
STU-0278,Rhea Joshi,2025 · Term 2,Mechanical,3,8.24,0,61.496500000000005,42.330125,75.964625,41.22925,51.162,58.56375,50.3,2025-08-22
STU-0279,Tara Joshi,2024 · Term 1,Business Analytics,3,5.74,1,98.989,58.92325,79.36025000000001,68.7205,82.852,88.2575,79.9,2025-08-03
STU-0279,Tara Joshi,2024 · Term 2,Business Analytics,3,5.43,2,97.663,57.707750000000004,78.58675000000001,67.1735,81.084,87.15249999999999,78.5,2025-08-03
STU-0279,Tara Joshi,2025 · Term 1,Business Analytics,3,5.12,0,96.337,56.49225,77.81325,65.62650000000001,79.316,86.0475,77,2025-08-03
STU-0279,Tara Joshi,2025 · Term 2,Business Analytics,3,4.81,1,95.011,55.27675,77.03975,64.07950000000001,77.548,84.9425,75.5,2025-08-03
STU-0280,Kabir Joshi,2024 · Term 1,Business Analytics,3,8.85,0,75.521,29.19425,63.58725,39.3745,90.228,67.6675,65.8,2025-08-03
STU-0280,Kabir Joshi,2024 · Term 2,Business Analytics,3,9.18,0,76.907,30.464750000000002,64.39574999999999,40.991499999999995,92.076,68.8225,67.3,2025-08-03
STU-0280,Kabir Joshi,2025 · Term 1,Business Analytics,3,9.5,1,78.29299999999999,31.73525,65.20425,42.6085,93.924,69.9775,68.8,2025-08-03
STU-0280,Kabir Joshi,2025 · Term 2,Business Analytics,3,9.82,0,79.67899999999999,33.00575,66.01275,44.2255,95.772,71.13250000000001,70.4,2025-08-03
STU-0281,Esha Joshi,2024 · Term 1,Mechanical,3,7.54,0,91.73549999999999,49.265875,88.087375,56.274750000000004,90.414,83.19625,76.6,2025-08-22
STU-0281,Esha Joshi,2024 · Term 2,Mechanical,3,7.6,0,91.9785,49.488625,88.229125,56.55825,90.738,83.39875,76.9,2025-08-22
STU-0281,Esha Joshi,2025 · Term 1,Mechanical,3,7.65,0,92.22149999999999,49.711375000000004,88.370875,56.841750000000005,91.06200000000001,83.60125,77.2,2025-08-22
STU-0281,Esha Joshi,2025 · Term 2,Mechanical,3,7.71,0,92.4645,49.934125,88.512625,57.12525,91.38600000000001,83.80375,77.4,2025-08-22
STU-0282,Arjun Joshi,2024 · Term 1,Computer Science,3,8.03,0,55.192,78.576,34.812,35.623999999999995,80.256,61.56,59.1,2025-08-21
STU-0282,Arjun Joshi,2024 · Term 2,Computer Science,3,8.19,0,55.864000000000004,79.192,35.204,36.407999999999994,81.152,62.12,59.9,2025-08-21
STU-0282,Arjun Joshi,2025 · Term 1,Computer Science,3,8.35,0,56.536,79.808,35.596,37.192,82.04799999999999,62.68,60.6,2025-08-21
STU-0282,Arjun Joshi,2025 · Term 2,Computer Science,3,8.5,0,57.208000000000006,80.424,35.988,37.976,82.94399999999999,63.239999999999995,61.4,2025-08-21
STU-0283,Rohan Joshi,2024 · Term 1,Civil Engineering,3,6.72,0,96.60650000000001,47.647625,92.31212500000001,47.124249999999996,78.642,55.888749999999995,60.6,2025-08-12
STU-0283,Rohan Joshi,2024 · Term 2,Civil Engineering,3,6.61,0,96.13550000000001,47.215875,92.03737500000001,46.574749999999995,78.014,55.496249999999996,60,2025-08-12
STU-0283,Rohan Joshi,2025 · Term 1,Civil Engineering,3,6.5,0,95.6645,46.784125,91.762625,46.02525,77.38600000000001,55.10375,59.5,2025-08-12
STU-0283,Rohan Joshi,2025 · Term 2,Civil Engineering,3,6.39,0,95.1935,46.352375,91.487875,45.47575,76.75800000000001,54.71125,59,2025-08-12
STU-0284,Yash Joshi,2024 · Term 1,Computer Science,3,7.05,0,74.479,92.15575000000001,94.76275,54.125499999999995,46.372,65.4325,55.3,2025-08-23
STU-0284,Yash Joshi,2024 · Term 2,Computer Science,3,7,0,74.293,91.98525000000001,94.65424999999999,53.9085,46.124,65.2775,55.1,2025-08-23
STU-0284,Yash Joshi,2025 · Term 1,Computer Science,3,6.96,0,74.107,91.81475,94.54575,53.6915,45.876,65.1225,54.9,2025-08-23
STU-0284,Yash Joshi,2025 · Term 2,Computer Science,3,6.92,0,73.921,91.64425,94.43724999999999,53.4745,45.628,64.9675,54.7,2025-08-23
STU-0285,Meera Joshi,2024 · Term 1,Civil Engineering,3,5.73,2,92.09349999999999,79.827375,54.062875,49.02575,47.758,47.361250000000005,48,2025-08-14
STU-0285,Meera Joshi,2024 · Term 2,Civil Engineering,3,5.42,0,90.7645,78.609125,53.287625,47.47525,45.986000000000004,46.253750000000004,46.6,2025-08-14
STU-0285,Meera Joshi,2025 · Term 1,Civil Engineering,3,5.11,1,89.43549999999999,77.390875,52.512375,45.92475,44.214,45.14625,45.1,2025-08-14
STU-0285,Meera Joshi,2025 · Term 2,Civil Engineering,3,4.8,2,88.1065,76.172625,51.737125,44.37425,42.442,44.03875,43.6,2025-08-14
STU-0286,Kiran Joshi,2024 · Term 1,Electronics,3,6.22,0,55.550000000000004,51.7375,37.7875,66.97500000000001,64.4,61.525,64.3,2025-08-13
STU-0286,Kiran Joshi,2024 · Term 2,Electronics,3,6.01,0,54.650000000000006,50.9125,37.2625,65.92500000000001,63.2,60.775,63.3,2025-08-13
STU-0286,Kiran Joshi,2025 · Term 1,Electronics,3,5.8,1,53.75,50.0875,36.7375,64.875,62,60.025,62.3,2025-08-13
STU-0286,Kiran Joshi,2025 · Term 2,Electronics,3,5.59,2,52.85,49.2625,36.2125,63.825,60.800000000000004,59.275,61.3,2025-08-13
STU-0287,Avani Joshi,2024 · Term 1,Information Technology,3,8.36,0,69.4645,78.684125,68.86262500000001,68.22525,60.986,75.10374999999999,68.1,2025-08-04
STU-0287,Avani Joshi,2024 · Term 2,Information Technology,3,8.58,0,70.42150000000001,79.561375,69.42087500000001,69.34175,62.262,75.90124999999999,69.2,2025-08-04
STU-0287,Avani Joshi,2025 · Term 1,Information Technology,3,8.81,0,71.3785,80.438625,69.979125,70.45825,63.538,76.69875,70.2,2025-08-04
STU-0287,Avani Joshi,2025 · Term 2,Information Technology,3,9.03,0,72.33550000000001,81.315875,70.537375,71.57475000000001,64.814,77.49625,71.3,2025-08-04
STU-0288,Saanvi Joshi,2024 · Term 1,Computer Science,3,9.02,0,61.105,92.19624999999999,74.06125,56.9225,93.53999999999999,53.2875,67.9,2025-08-19
STU-0288,Saanvi Joshi,2024 · Term 2,Computer Science,3,9.38,0,62.635,93.59875,74.95375,58.7075,95.58,54.5625,69.6,2025-08-19
STU-0288,Saanvi Joshi,2025 · Term 1,Computer Science,3,9.73,0,64.16499999999999,95.00125,75.84625000000001,60.4925,97.61999999999999,55.837500000000006,71.3,2025-08-19
STU-0288,Saanvi Joshi,2025 · Term 2,Computer Science,3,10,0,65.695,96.40375,76.73875000000001,62.2775,99.66,57.112500000000004,73,2025-08-19
STU-0289,Aarav Reddy,2024 · Term 1,Civil Engineering,3,7.71,0,60.5195,81.86787500000001,79.36137500000001,57.42275,73.326,33.21625,54.7,2025-08-10
STU-0289,Aarav Reddy,2024 · Term 2,Civil Engineering,3,7.8,0,60.9065,82.22262500000001,79.587125,57.87425,73.842,33.53875,55.1,2025-08-10
STU-0289,Aarav Reddy,2025 · Term 1,Civil Engineering,3,7.89,0,61.2935,82.577375,79.812875,58.32575,74.35799999999999,33.861250000000005,55.5,2025-08-10
STU-0289,Aarav Reddy,2025 · Term 2,Civil Engineering,3,7.98,1,61.6805,82.932125,80.038625,58.77725,74.874,34.18375,55.9,2025-08-10
STU-0290,Mira Reddy,2024 · Term 1,Mechanical,3,8.19,0,68.68050000000001,32.282125,83.988625,61.87725,67.67399999999999,82.48375,70.7,2025-08-16
STU-0290,Mira Reddy,2024 · Term 2,Mechanical,3,8.38,0,69.49350000000001,33.027375,84.462875,62.82575,68.758,83.16125,71.6,2025-08-16
STU-0290,Mira Reddy,2025 · Term 1,Mechanical,3,8.57,0,70.3065,33.772625,84.93712500000001,63.774249999999995,69.842,83.83875,72.5,2025-08-16
STU-0290,Mira Reddy,2025 · Term 2,Mechanical,3,8.76,0,71.1195,34.517875,85.411375,64.72274999999999,70.926,84.51625,73.4,2025-08-16
STU-0291,Maya Reddy,2024 · Term 1,Business Analytics,3,6.06,1,65.366,88.5355,37.9135,37.827,69.088,63.705,56.9,2025-08-25
STU-0291,Maya Reddy,2024 · Term 2,Business Analytics,3,5.82,2,64.322,87.57849999999999,37.3045,36.609,67.696,62.835,55.7,2025-08-25
STU-0291,Maya Reddy,2025 · Term 1,Business Analytics,3,5.57,0,63.278,86.6215,36.6955,35.391,66.304,61.964999999999996,54.6,2025-08-25
STU-0291,Maya Reddy,2025 · Term 2,Business Analytics,3,5.33,1,62.233999999999995,85.66449999999999,36.0865,34.173,64.912,61.095,53.4,2025-08-25
STU-0292,Dev Reddy,2024 · Term 1,Information Technology,3,9.02,0,29.609499999999997,76.100375,72.763875,52.027750000000005,57.646,90.59125,66.8,2025-08-26
STU-0292,Dev Reddy,2024 · Term 2,Information Technology,3,9.37,0,31.136499999999998,77.500125,73.654625,53.809250000000006,59.682,91.86375,68.5,2025-08-26
STU-0292,Dev Reddy,2025 · Term 1,Information Technology,3,9.73,0,32.6635,78.89987500000001,74.54537499999999,55.59075,61.718,93.13625,70.1,2025-08-26
STU-0292,Dev Reddy,2025 · Term 2,Information Technology,3,10,0,34.1905,80.299625,75.43612499999999,57.37225,63.754000000000005,94.40875,71.8,2025-08-26
STU-0293,Sara Reddy,2024 · Term 1,Electronics,3,6.88,0,63.695,80.15375,69.48875,51.5775,70.46,31.4125,51.1,2025-08-07
STU-0293,Sara Reddy,2024 · Term 2,Electronics,3,6.8,0,63.365,79.85125000000001,69.29625,51.1925,70.02,31.1375,50.8,2025-08-07
STU-0293,Sara Reddy,2025 · Term 1,Electronics,3,6.73,0,63.035000000000004,79.54875,69.10375,50.8075,69.58,30.8625,50.4,2025-08-07
STU-0293,Sara Reddy,2025 · Term 2,Electronics,3,6.65,0,62.705000000000005,79.24625,68.91125000000001,50.4225,69.14,30.5875,50.1,2025-08-07
STU-0294,Aditi Reddy,2024 · Term 1,Information Technology,3,6.55,0,58.0225,70.645625,67.438125,34.37625,66.13000000000001,74.46875,58.3,2025-08-24
STU-0294,Aditi Reddy,2024 · Term 2,Information Technology,3,6.41,0,57.4075,70.081875,67.079375,33.65875,65.31,73.95625,57.6,2025-08-24
STU-0294,Aditi Reddy,2025 · Term 1,Information Technology,3,6.27,1,56.792500000000004,69.518125,66.72062500000001,32.94125,64.49000000000001,73.44375000000001,57,2025-08-24
STU-0294,Aditi Reddy,2025 · Term 2,Information Technology,3,6.12,1,56.1775,68.954375,66.36187500000001,32.223749999999995,63.67000000000001,72.93125,56.3,2025-08-24
STU-0295,Nikhil Reddy,2024 · Term 1,Electronics,3,7.87,0,76.008,40.774,84.338,94.87599999999999,69.944,95.74000000000001,86.9,2025-08-05
STU-0295,Nikhil Reddy,2024 · Term 2,Electronics,3,7.99,0,76.536,41.258,84.646,95.49199999999999,70.648,96.18,87.4,2025-08-05
STU-0295,Nikhil Reddy,2025 · Term 1,Electronics,3,8.11,0,77.064,41.742,84.954,96.108,71.352,96.62,88,2025-08-05
STU-0295,Nikhil Reddy,2025 · Term 2,Electronics,3,8.24,0,77.592,42.226,85.262,96.724,72.056,97.06,88.6,2025-08-05
STU-0296,Naina Reddy,2024 · Term 1,Civil Engineering,3,7.37,0,62.551500000000004,80.263875,90.613375,37.126749999999994,61.902,53.57625,50.9,2025-08-06
STU-0296,Naina Reddy,2024 · Term 2,Civil Engineering,3,7.4,0,62.6505,80.354625,90.671125,37.24225,62.034,53.658750000000005,51,2025-08-06
STU-0296,Naina Reddy,2025 · Term 1,Civil Engineering,3,7.42,0,62.749500000000005,80.44537500000001,90.728875,37.357749999999996,62.166000000000004,53.74125,51.1,2025-08-06
STU-0296,Naina Reddy,2025 · Term 2,Civil Engineering,3,7.44,0,62.8485,80.53612500000001,90.786625,37.47325,62.298,53.823750000000004,51.2,2025-08-06
STU-0297,Diya Reddy,2024 · Term 1,Computer Science,3,8.69,0,77.337,45.392250000000004,41.91325,32.8265,55.315999999999995,87.4475,58.5,2025-08-15
STU-0297,Diya Reddy,2024 · Term 2,Computer Science,3,8.98,0,78.57900000000001,46.530750000000005,42.63775,34.2755,56.971999999999994,88.4825,59.9,2025-08-15
STU-0297,Diya Reddy,2025 · Term 1,Computer Science,3,9.27,0,79.821,47.66925,43.36225,35.7245,58.628,89.5175,61.3,2025-08-15
STU-0297,Diya Reddy,2025 · Term 2,Computer Science,3,9.56,0,81.063,48.80775,44.08675,37.1735,60.284,90.5525,62.7,2025-08-15
STU-0298,Vihaan Reddy,2024 · Term 1,Civil Engineering,3,8.36,0,33.4645,79.884125,95.262625,55.225249999999996,91.986,72.90374999999999,73.4,2025-08-04
STU-0298,Vihaan Reddy,2024 · Term 2,Civil Engineering,3,8.58,0,34.4215,80.761375,95.820875,56.34175,93.262,73.70124999999999,74.4,2025-08-04
STU-0298,Vihaan Reddy,2025 · Term 1,Civil Engineering,3,8.81,0,35.378499999999995,81.638625,96.37912499999999,57.45825,94.53800000000001,74.49875,75.5,2025-08-04
STU-0298,Vihaan Reddy,2025 · Term 2,Civil Engineering,3,9.03,0,36.335499999999996,82.51587500000001,96.93737499999999,58.57475,95.81400000000001,75.29625,76.6,2025-08-04
STU-0299,Akash Reddy,2024 · Term 1,Computer Science,3,6.22,1,65.75,90.7375,81.1875,44.175000000000004,97.8,60.325,67.4,2025-08-13
STU-0299,Akash Reddy,2024 · Term 2,Computer Science,3,6.01,1,64.85000000000001,89.9125,80.66250000000001,43.125,96.6,59.575,66.4,2025-08-13
STU-0299,Akash Reddy,2025 · Term 1,Computer Science,3,5.8,2,63.95,89.0875,80.1375,42.075,95.4,58.825,65.4,2025-08-13
STU-0299,Akash Reddy,2025 · Term 2,Computer Science,3,5.59,0,63.050000000000004,88.2625,79.61250000000001,41.025,94.2,58.075,64.4,2025-08-13
STU-0300,Neha Reddy,2024 · Term 1,Mechanical,3,7.46,0,84.2435,78.364875,74.350375,31.80075,46.758,32.08625,36.9,2025-08-06
STU-0300,Neha Reddy,2024 · Term 2,Mechanical,3,7.5,0,84.4145,78.521625,74.450125,32.00025,46.986000000000004,32.22875,37.1,2025-08-06
STU-0300,Neha Reddy,2025 · Term 1,Mechanical,3,7.54,0,84.5855,78.67837499999999,74.549875,32.19975,47.214,32.371249999999996,37.3,2025-08-06
STU-0300,Neha Reddy,2025 · Term 2,Mechanical,3,7.58,0,84.7565,78.83512499999999,74.649625,32.39925,47.442,32.513749999999995,37.5,2025-08-06
STU-0301,Reyansh Reddy,2024 · Term 1,Business Analytics,3,8.77,0,54.028999999999996,33.09325,91.65025,62.500499999999995,88.372,36.557500000000005,62.5,2025-08-15
STU-0301,Reyansh Reddy,2024 · Term 2,Business Analytics,3,9.08,0,55.342999999999996,34.29775,92.41675,64.0335,90.124,37.6525,63.9,2025-08-15
STU-0301,Reyansh Reddy,2025 · Term 1,Business Analytics,3,9.38,0,56.657000000000004,35.50225,93.18325,65.56649999999999,91.876,38.7475,65.4,2025-08-15
STU-0301,Reyansh Reddy,2025 · Term 2,Business Analytics,3,9.69,1,57.971000000000004,36.70675,93.94975,67.09949999999999,93.628,39.8425,66.9,2025-08-15
STU-0302,Ishaan Reddy,2024 · Term 1,Civil Engineering,3,6.64,0,91.91449999999999,77.34662499999999,52.375125,80.25025,72.586,92.97874999999999,81.9,2025-08-24
STU-0302,Ishaan Reddy,2024 · Term 2,Civil Engineering,3,6.51,0,91.3715,76.84887499999999,52.058375,79.61675,71.862,92.52624999999999,81.3,2025-08-24
STU-0302,Ishaan Reddy,2025 · Term 1,Civil Engineering,3,6.38,0,90.82849999999999,76.351125,51.741625,78.98325,71.138,92.07375,80.7,2025-08-24
STU-0302,Ishaan Reddy,2025 · Term 2,Civil Engineering,3,6.26,0,90.2855,75.853375,51.424875,78.34975,70.414,91.62125,80.1,2025-08-24
STU-0303,Zoya Reddy,2024 · Term 1,Computer Science,3,7.95,0,52.5,44.675,36.075,79.95,85.39999999999999,85.25,83.5,2025-08-05
STU-0303,Zoya Reddy,2024 · Term 2,Computer Science,3,8.09,0,53.1,45.225,36.425000000000004,80.65,86.19999999999999,85.75,84.2,2025-08-05
STU-0303,Zoya Reddy,2025 · Term 1,Computer Science,3,8.23,0,53.699999999999996,45.775,36.775,81.35,87,86.25,84.9,2025-08-05
STU-0303,Zoya Reddy,2025 · Term 2,Computer Science,3,8.37,0,54.3,46.325,37.125,82.05,87.8,86.75,85.5,2025-08-05
STU-0304,Amara Reddy,2024 · Term 1,Civil Engineering,3,5.65,2,56.801500000000004,37.326375,66.925875,88.15175,69.902,60.45125,72.8,2025-08-26
STU-0304,Amara Reddy,2024 · Term 2,Civil Engineering,3,5.32,0,55.4005,36.042125,66.108625,86.51725,68.03399999999999,59.283750000000005,71.3,2025-08-26
STU-0304,Amara Reddy,2025 · Term 1,Civil Engineering,3,5,1,53.999500000000005,34.757875,65.291375,84.88275,66.166,58.11625,69.7,2025-08-26
STU-0304,Amara Reddy,2025 · Term 2,Civil Engineering,3,4.67,2,52.5985,33.473625,64.474125,83.24825,64.29799999999999,56.948750000000004,68.2,2025-08-26
STU-0305,Pranav Reddy,2024 · Term 1,Computer Science,3,6.96,0,36.387,94.25475,50.62575,52.8515,32.316,97.1225,60.8,2025-08-07
STU-0305,Pranav Reddy,2024 · Term 2,Computer Science,3,6.9,0,36.129,94.01825000000001,50.475249999999996,52.5505,31.972,96.9075,60.5,2025-08-07
STU-0305,Pranav Reddy,2025 · Term 1,Computer Science,3,6.84,0,35.871,93.78175,50.32475,52.2495,31.628,96.6925,60.2,2025-08-07
STU-0305,Pranav Reddy,2025 · Term 2,Computer Science,3,6.78,0,35.613,93.54525000000001,50.17425,51.948499999999996,31.284000000000002,96.47749999999999,59.9,2025-08-07
STU-0306,Tanish Reddy,2024 · Term 1,Information Technology,3,8.28,0,41.1725,44.783125,36.325625,34.35125,70.73,48.59375,51.2,2025-08-16
STU-0306,Tanish Reddy,2024 · Term 2,Information Technology,3,8.48,0,42.0575,45.594375,36.841875,35.38375,71.91,49.331250000000004,52.2,2025-08-16
STU-0306,Tanish Reddy,2025 · Term 1,Information Technology,3,8.69,0,42.9425,46.405625,37.358125,36.41625,73.09,50.06875,53.2,2025-08-16
STU-0306,Tanish Reddy,2025 · Term 2,Information Technology,3,8.9,0,43.8275,47.216875,37.874375,37.44875,74.27,50.806250000000006,54.2,2025-08-16
STU-0307,Kavya Reddy,2024 · Term 1,Electronics,3,6.14,2,61.257999999999996,32.4365,75.6505,96.701,96.144,94.415,95.8,2025-08-25
STU-0307,Kavya Reddy,2024 · Term 2,Electronics,3,5.92,0,60.285999999999994,31.5455,75.0835,95.567,94.848,93.605,94.7,2025-08-25
STU-0307,Kavya Reddy,2025 · Term 1,Electronics,3,5.69,1,59.314,30.654500000000002,74.5165,94.433,93.552,92.795,93.6,2025-08-25
STU-0307,Kavya Reddy,2025 · Term 2,Electronics,3,5.46,2,58.342,29.7635,73.9495,93.299,92.256,91.985,92.5,2025-08-25
STU-0308,Aditya Reddy,2024 · Term 1,Civil Engineering,3,7.62,0,35.4275,59.166875000000005,33.424375000000005,90.54875,63.87,67.50625000000001,74,2025-08-22
STU-0308,Aditya Reddy,2024 · Term 2,Civil Engineering,3,7.7,0,35.7425,59.455625000000005,33.608125,90.91624999999999,64.29,67.76875000000001,74.3,2025-08-22
STU-0308,Aditya Reddy,2025 · Term 1,Civil Engineering,3,7.77,0,36.0575,59.744375,33.791875000000005,91.28375,64.71,68.03125,74.7,2025-08-22
STU-0308,Aditya Reddy,2025 · Term 2,Civil Engineering,3,7.84,0,36.372499999999995,60.033125,33.975625,91.65124999999999,65.13,68.29375,75,2025-08-22
STU-0309,Ananya Reddy,2024 · Term 1,Computer Science,3,8.94,0,83.413,74.09525,64.92425,90.04849999999999,31.684,56.1775,59.3,2025-08-03
STU-0309,Ananya Reddy,2024 · Term 2,Computer Science,3,9.28,0,84.871,75.43175,65.77475,91.7495,33.628,57.3925,60.9,2025-08-03
STU-0309,Ananya Reddy,2025 · Term 1,Computer Science,3,9.62,0,86.329,76.76825,66.62525000000001,93.45049999999999,35.572,58.6075,62.5,2025-08-03
STU-0309,Ananya Reddy,2025 · Term 2,Computer Science,3,9.96,0,87.78699999999999,78.10475,67.47575,95.1515,37.516,59.8225,64.2,2025-08-03
STU-0310,Rhea Reddy,2024 · Term 1,Business Analytics,3,8.12,0,78.484,63.477,32.949,31.098,82.712,73.47,62.4,2025-08-21
STU-0310,Rhea Reddy,2024 · Term 2,Business Analytics,3,8.29,0,79.228,64.159,33.383,31.965999999999998,83.70400000000001,74.09,63.3,2025-08-21
STU-0310,Rhea Reddy,2025 · Term 1,Business Analytics,3,8.46,0,79.972,64.841,33.817,32.833999999999996,84.696,74.71000000000001,64.1,2025-08-21
STU-0310,Rhea Reddy,2025 · Term 2,Business Analytics,3,8.64,0,80.716,65.523,34.251000000000005,33.702,85.688,75.33000000000001,64.9,2025-08-21
STU-0311,Tara Reddy,2024 · Term 1,Mechanical,3,6.8,0,80.6985,61.948625,74.449125,75.39825,94.498,91.19875,87,2025-08-12
STU-0311,Tara Reddy,2024 · Term 2,Mechanical,3,6.71,0,80.2995,61.582875,74.216375,74.93275,93.96600000000001,90.86625000000001,86.6,2025-08-12
STU-0311,Tara Reddy,2025 · Term 1,Mechanical,3,6.61,0,79.9005,61.217124999999996,73.98362499999999,74.46725,93.434,90.53375,86.1,2025-08-12
STU-0311,Tara Reddy,2025 · Term 2,Mechanical,3,6.52,0,79.5015,60.851375,73.750875,74.00175,92.902,90.20125,85.7,2025-08-12
STU-0312,Kabir Reddy,2024 · Term 1,Electronics,3,8.94,0,39.813,63.09524999999999,43.72425,79.4485,71.284,90.3775,80.4,2025-08-03
STU-0312,Kabir Reddy,2024 · Term 2,Electronics,3,9.28,0,41.271,64.43175,44.57475,81.1495,73.22800000000001,91.5925,82,2025-08-03
STU-0312,Kabir Reddy,2025 · Term 1,Electronics,3,9.62,0,42.729,65.76825,45.42525,82.8505,75.172,92.8075,83.6,2025-08-03
STU-0312,Kabir Reddy,2025 · Term 2,Electronics,3,9.96,0,44.187,67.10475,46.27575,84.5515,77.116,94.02250000000001,85.2,2025-08-03
STU-0313,Esha Reddy,2024 · Term 1,Information Technology,3,7.62,0,44.627500000000005,49.166875000000005,39.024375,78.94875,65.47,84.50625000000001,76.3,2025-08-22
STU-0313,Esha Reddy,2024 · Term 2,Information Technology,3,7.7,0,44.9425,49.455625000000005,39.208124999999995,79.31625,65.89,84.76875000000001,76.7,2025-08-22
STU-0313,Esha Reddy,2025 · Term 1,Information Technology,3,7.77,0,45.2575,49.744375,39.391875,79.68375,66.30999999999999,85.03125,77,2025-08-22
STU-0313,Esha Reddy,2025 · Term 2,Information Technology,3,7.84,1,45.5725,50.033125,39.575624999999995,80.05125,66.72999999999999,85.29375,77.4,2025-08-22
STU-0314,Arjun Reddy,2024 · Term 1,Computer Science,3,6.31,0,70.842,77.0385,80.5245,97.449,69.85600000000001,98.63499999999999,88.6,2025-08-13
STU-0314,Arjun Reddy,2024 · Term 2,Computer Science,3,6.11,1,70.014,76.2795,80.0415,96.483,68.75200000000001,97.945,87.7,2025-08-13
STU-0314,Arjun Reddy,2025 · Term 1,Computer Science,3,5.92,2,69.18599999999999,75.52050000000001,79.5585,95.517,67.648,97.255,86.8,2025-08-13
STU-0314,Arjun Reddy,2025 · Term 2,Computer Science,3,5.73,0,68.35799999999999,74.76150000000001,79.07549999999999,94.551,66.544,96.565,85.9,2025-08-13
STU-0315,Rohan Reddy,2024 · Term 1,Civil Engineering,3,8.44,1,38.5565,66.185125,94.599625,41.499249999999996,64.042,47.613749999999996,51.1,2025-08-04
STU-0315,Rohan Reddy,2024 · Term 2,Civil Engineering,3,8.68,0,39.5855,67.12837499999999,95.199875,42.699749999999995,65.41399999999999,48.47125,52.2,2025-08-04
STU-0315,Rohan Reddy,2025 · Term 1,Civil Engineering,3,8.92,0,40.6145,68.071625,95.800125,43.90025,66.786,49.32875,53.3,2025-08-04
STU-0315,Rohan Reddy,2025 · Term 2,Civil Engineering,3,9.16,0,41.6435,69.01487499999999,96.400375,45.10075,68.15799999999999,50.18625,54.5,2025-08-04
STU-0316,Yash Reddy,2024 · Term 1,Business Analytics,3,7.13,0,60.771,68.45675,65.49975,76.5995,52.028,81.9425,70.2,2025-08-23
STU-0316,Yash Reddy,2024 · Term 2,Business Analytics,3,7.1,0,60.657000000000004,68.35225,65.43325,76.46650000000001,51.876,81.8475,70.1,2025-08-23
STU-0316,Yash Reddy,2025 · Term 1,Business Analytics,3,7.08,0,60.543,68.24775,65.36675000000001,76.3335,51.724,81.7525,69.9,2025-08-23
STU-0316,Yash Reddy,2025 · Term 2,Business Analytics,3,7.05,0,60.429,68.14325,65.30025,76.2005,51.571999999999996,81.6575,69.8,2025-08-23
STU-0317,Meera Reddy,2024 · Term 1,Mechanical,3,5.81,0,34.5855,45.528375,62.599875,98.29974999999999,39.614000000000004,67.27125000000001,68.4,2025-08-14
STU-0317,Meera Reddy,2024 · Term 2,Mechanical,3,5.52,1,33.328500000000005,44.376124999999995,61.866625,96.83324999999999,37.938,66.22375000000001,67,2025-08-14
STU-0317,Meera Reddy,2025 · Term 1,Mechanical,3,5.23,2,32.0715,43.223875,61.133375,95.36675,36.262,65.17625,65.6,2025-08-14
STU-0317,Meera Reddy,2025 · Term 2,Mechanical,3,4.93,0,30.814500000000002,42.071625,60.400125,93.90025,34.586,64.12875,64.2,2025-08-14
STU-0318,Kiran Reddy,2024 · Term 1,Computer Science,3,8.28,0,80.668,93.679,83.423,80.646,41.424,66.69,62.9,2025-08-09
STU-0318,Kiran Reddy,2024 · Term 2,Computer Science,3,8.49,0,81.556,94.49300000000001,83.941,81.682,42.608000000000004,67.42999999999999,63.9,2025-08-09
STU-0318,Kiran Reddy,2025 · Term 1,Computer Science,3,8.7,0,82.444,95.307,84.459,82.718,43.792,68.17,64.9,2025-08-09
STU-0318,Kiran Reddy,2025 · Term 2,Computer Science,3,8.9,0,83.332,96.12100000000001,84.977,83.754,44.976000000000006,68.91,65.9,2025-08-09
STU-0319,Avani Reddy,2024 · Term 1,Civil Engineering,3,6.97,0,62.6825,56.550625000000004,66.523125,87.14625000000001,37.61,48.81875,57.9,2025-08-28
STU-0319,Avani Reddy,2024 · Term 2,Civil Engineering,3,6.91,0,62.427499999999995,56.316875,66.374375,86.84875000000001,37.27,48.60625,57.6,2025-08-28
STU-0319,Avani Reddy,2025 · Term 1,Civil Engineering,3,6.85,0,62.1725,56.083125,66.225625,86.55125,36.93,48.39375,57.3,2025-08-28
STU-0319,Avani Reddy,2025 · Term 2,Civil Engineering,3,6.79,0,61.9175,55.849375,66.076875,86.25375,36.59,48.18125,57,2025-08-28
STU-0320,Saanvi Reddy,2024 · Term 1,Information Technology,3,7.6,0,37.454499999999996,96.591625,46.840125,86.38025,92.30600000000001,32.528749999999995,70.4,2025-08-08
STU-0320,Saanvi Reddy,2024 · Term 2,Information Technology,3,7.67,0,37.7515,96.863875,47.013375,86.72675000000001,92.70200000000001,32.77625,70.7,2025-08-08
STU-0320,Saanvi Reddy,2025 · Term 1,Information Technology,3,7.74,0,38.0485,97.136125,47.186625,87.07325,93.098,33.02375,71.1,2025-08-08
STU-0320,Saanvi Reddy,2025 · Term 2,Information Technology,3,7.81,0,38.3455,97.408375,47.359875,87.41975000000001,93.494,33.27125,71.4,2025-08-08
STU-0321,Aarav Das,2024 · Term 1,Electronics,3,8.92,0,73.04,40.120000000000005,52.54,49.879999999999995,85.52000000000001,60.6,65.3,2025-08-17
STU-0321,Aarav Das,2024 · Term 2,Electronics,3,9.25,0,74.48,41.440000000000005,53.379999999999995,51.559999999999995,87.44000000000001,61.8,66.9,2025-08-17
STU-0321,Aarav Das,2025 · Term 1,Electronics,3,9.59,0,75.92,42.76,54.22,53.24,89.36,63,68.5,2025-08-17
STU-0321,Aarav Das,2025 · Term 2,Electronics,3,9.92,0,77.36,44.08,55.059999999999995,54.92,91.28,64.2,70.1,2025-08-17
STU-0322,Mira Das,2024 · Term 1,Information Technology,3,7.4,0,97.1155,51.430875,36.392375,33.484750000000005,84.054,52.146249999999995,56.6,2025-08-14
STU-0322,Mira Das,2024 · Term 2,Information Technology,3,7.43,0,97.2385,51.543625,36.464125,33.62825,84.218,52.248749999999994,56.7,2025-08-14
STU-0322,Mira Das,2025 · Term 1,Information Technology,3,7.46,0,97.36149999999999,51.656375000000004,36.535875,33.771750000000004,84.38199999999999,52.35125,56.8,2025-08-14
STU-0322,Mira Das,2025 · Term 2,Information Technology,3,7.49,0,97.4845,51.769125,36.607625,33.91525,84.54599999999999,52.45375,57,2025-08-14
STU-0323,Maya Das,2024 · Term 1,Electronics,3,8.72,0,67.901,54.75925,84.09225,65.1845,72.268,35.6175,57.7,2025-08-23
STU-0323,Maya Das,2024 · Term 2,Electronics,3,9.01,0,69.167,55.91975,84.83075000000001,66.6615,73.956,36.6725,59.1,2025-08-23
STU-0323,Maya Das,2025 · Term 1,Electronics,3,9.31,1,70.43299999999999,57.08025,85.56925,68.13850000000001,75.64399999999999,37.727500000000006,60.5,2025-08-23
STU-0323,Maya Das,2025 · Term 2,Electronics,3,9.6,0,71.699,58.24075,86.30775,69.61550000000001,77.332,38.782500000000006,61.9,2025-08-23
STU-0324,Dev Das,2024 · Term 1,Civil Engineering,3,8.22,0,53.844500000000004,59.449125,87.767625,59.63525,50.226,52.45375,54.1,2025-08-24
STU-0324,Dev Das,2024 · Term 2,Civil Engineering,3,8.42,0,54.6815,60.216375,88.255875,60.61175,51.342,53.15125,55,2025-08-24
STU-0324,Dev Das,2025 · Term 1,Civil Engineering,3,8.61,0,55.5185,60.983625,88.744125,61.58825,52.458,53.84875,56,2025-08-24
STU-0324,Dev Das,2025 · Term 2,Civil Engineering,3,8.81,0,56.3555,61.750875,89.232375,62.564750000000004,53.574,54.54625,56.9,2025-08-24
STU-0325,Sara Das,2024 · Term 1,Computer Science,3,6.09,0,34.730000000000004,57.9025,86.8925,92.585,81.64,48.475,74.2,2025-08-05
STU-0325,Sara Das,2024 · Term 2,Computer Science,3,5.85,1,33.71,56.9675,86.2975,91.395,80.28,47.625,73.1,2025-08-05
STU-0325,Sara Das,2025 · Term 1,Computer Science,3,5.61,2,32.690000000000005,56.0325,85.7025,90.205,78.91999999999999,46.775000000000006,72,2025-08-05
STU-0325,Sara Das,2025 · Term 2,Computer Science,3,5.37,0,31.67,55.0975,85.1075,89.015,77.55999999999999,45.925000000000004,70.8,2025-08-05
STU-0326,Aditi Das,2024 · Term 1,Mechanical,3,9.04,0,57.573499999999996,80.267375,57.742875,85.58574999999999,61.99799999999999,50.16125,65.9,2025-08-06
STU-0326,Aditi Das,2024 · Term 2,Mechanical,3,9.41,0,59.1245,81.689125,58.647625000000005,87.39525,64.06599999999999,51.45375,67.6,2025-08-06
STU-0326,Aditi Das,2025 · Term 1,Mechanical,3,9.77,0,60.6755,83.11087500000001,59.552375,89.20474999999999,66.134,52.74625,69.4,2025-08-06
STU-0326,Aditi Das,2025 · Term 2,Mechanical,3,10,0,62.2265,84.53262500000001,60.457125000000005,91.01425,68.202,54.03875,71.1,2025-08-06
STU-0327,Nikhil Das,2024 · Term 1,Business Analytics,3,6.91,0,86.459,59.720749999999995,68.26775,75.1355,56.612,89.98249999999999,73.9,2025-08-15
STU-0327,Nikhil Das,2024 · Term 2,Business Analytics,3,6.84,0,86.153,59.44025,68.08925,74.7785,56.204,89.72749999999999,73.6,2025-08-15
STU-0327,Nikhil Das,2025 · Term 1,Business Analytics,3,6.77,0,85.847,59.159749999999995,67.91075,74.4215,55.796,89.4725,73.2,2025-08-15
STU-0327,Nikhil Das,2025 · Term 2,Business Analytics,3,6.69,0,85.541,58.87925,67.73225,74.0645,55.388,89.2175,72.9,2025-08-15
STU-0328,Naina Das,2024 · Term 1,Information Technology,3,6.41,0,74.80250000000001,56.810624999999995,72.74312499999999,46.18625,62.37,33.21875,47.3,2025-08-16
STU-0328,Naina Das,2024 · Term 2,Information Technology,3,6.24,1,74.06750000000001,56.136874999999996,72.314375,45.32875,61.39,32.606249999999996,46.4,2025-08-16
STU-0328,Naina Das,2025 · Term 1,Information Technology,3,6.07,0,73.3325,55.463125,71.88562499999999,44.47125,60.41,31.99375,45.6,2025-08-16
STU-0328,Naina Das,2025 · Term 2,Information Technology,3,5.9,1,72.5975,54.789375,71.456875,43.613749999999996,59.43,31.381249999999998,44.8,2025-08-16
STU-0329,Diya Das,2024 · Term 1,Electronics,3,7.73,0,94.188,90.139,74.043,37.086,95.584,31.69,54.8,2025-08-25
STU-0329,Diya Das,2024 · Term 2,Electronics,3,7.82,0,94.596,90.513,74.281,37.562,96.128,32.03,55.2,2025-08-25
STU-0329,Diya Das,2025 · Term 1,Electronics,3,7.92,0,95.00399999999999,90.887,74.519,38.038,96.67200000000001,32.370000000000005,55.7,2025-08-25
STU-0329,Diya Das,2025 · Term 2,Electronics,3,8.01,0,95.41199999999999,91.26100000000001,74.757,38.513999999999996,97.21600000000001,32.71,56.1,2025-08-25
STU-0330,Vihaan Das,2024 · Term 1,Electronics,3,6.58,0,64.691,49.91675,61.31975,38.0395,73.988,32.1425,48.1,2025-08-11
STU-0330,Vihaan Das,2024 · Term 2,Electronics,3,6.44,0,64.097,49.37225,60.97325,37.3465,73.196,31.647499999999997,47.4,2025-08-11
STU-0330,Vihaan Das,2025 · Term 1,Electronics,3,6.3,0,63.503,48.82775,60.626749999999994,36.6535,72.404,31.1525,46.7,2025-08-11
STU-0330,Vihaan Das,2025 · Term 2,Electronics,3,6.16,2,62.909,48.28325,60.280249999999995,35.9605,71.612,30.6575,46.1,2025-08-11
STU-0331,Akash Das,2024 · Term 1,Information Technology,3,8.71,0,36.405499999999996,55.863375,61.594875,68.08975,94.574,32.92125,65.2,2025-08-02
STU-0331,Akash Das,2024 · Term 2,Information Technology,3,9.01,0,37.668499999999995,57.021125,62.331625,69.56325,96.258,33.97375,66.6,2025-08-02
STU-0331,Akash Das,2025 · Term 1,Information Technology,3,9.3,0,38.9315,58.178875000000005,63.068375,71.03675,97.942,35.02625,68,2025-08-02
STU-0331,Akash Das,2025 · Term 2,Information Technology,3,9.6,0,40.1945,59.336625000000005,63.805125000000004,72.51025,99.62599999999999,36.07875,69.4,2025-08-02
STU-0332,Neha Das,2024 · Term 1,Business Analytics,3,5.76,1,51.362,87.4985,95.3445,61.889,64.016,82.435,69.4,2025-08-01
STU-0332,Neha Das,2024 · Term 2,Business Analytics,3,5.45,2,50.054,86.29950000000001,94.5815,60.363,62.272,81.345,68,2025-08-01
STU-0332,Neha Das,2025 · Term 1,Business Analytics,3,5.15,0,48.745999999999995,85.1005,93.8185,58.837,60.528,80.255,66.5,2025-08-01
STU-0332,Neha Das,2025 · Term 2,Business Analytics,3,4.84,1,47.437999999999995,83.9015,93.05550000000001,57.311,58.784,79.16499999999999,65.1,2025-08-01
STU-0333,Reyansh Das,2024 · Term 1,Mechanical,3,7.89,0,62.076499999999996,68.845125,91.41962500000001,34.33925,80.002,82.41375,65.6,2025-08-20
STU-0333,Reyansh Das,2024 · Term 2,Mechanical,3,8.02,1,62.625499999999995,69.34837499999999,91.73987500000001,34.979749999999996,80.734,82.87124999999999,66.2,2025-08-20
STU-0333,Reyansh Das,2025 · Term 1,Mechanical,3,8.15,0,63.1745,69.851625,92.060125,35.62025,81.466,83.32875,66.8,2025-08-20
STU-0333,Reyansh Das,2025 · Term 2,Mechanical,3,8.28,0,63.7235,70.35487499999999,92.380375,36.260749999999994,82.198,83.78625,67.4,2025-08-20
STU-0334,Ishaan Das,2024 · Term 1,Computer Science,3,8.38,0,52.933,35.755250000000004,55.74425,88.2885,89.844,96.17750000000001,91.4,2025-08-19
STU-0334,Ishaan Das,2024 · Term 2,Computer Science,3,8.61,0,53.911,36.65175,56.314750000000004,89.4295,91.148,96.9925,92.5,2025-08-19
STU-0334,Ishaan Das,2025 · Term 1,Computer Science,3,8.84,0,54.888999999999996,37.54825,56.88525,90.5705,92.452,97.8075,93.6,2025-08-19
STU-0334,Ishaan Das,2025 · Term 2,Computer Science,3,9.07,0,55.867,38.44475,57.45575,91.7115,93.756,98.6225,94.7,2025-08-19
STU-0335,Zoya Das,2024 · Term 1,Civil Engineering,3,7.07,0,79.7475,50.426875,32.044374999999995,83.98875,61.83,41.106249999999996,62.3,2025-08-10
STU-0335,Zoya Das,2024 · Term 2,Civil Engineering,3,7.03,0,79.5825,50.275625000000005,31.948124999999997,83.79625,61.61,40.96875,62.1,2025-08-10
STU-0335,Zoya Das,2025 · Term 1,Civil Engineering,3,6.99,0,79.4175,50.124375,31.851875,83.60375,61.39,40.83125,61.9,2025-08-10
STU-0335,Zoya Das,2025 · Term 2,Civil Engineering,3,6.95,0,79.2525,49.973125,31.755625,83.41125000000001,61.17,40.69375,61.8,2025-08-10
STU-0336,Amara Das,2024 · Term 1,Electronics,3,7.56,0,69.004,68.537,45.369,65.13799999999999,60.272,83.87,69.8,2025-08-09
STU-0336,Amara Das,2024 · Term 2,Electronics,3,7.63,0,69.268,68.77900000000001,45.523,65.446,60.623999999999995,84.09,70.1,2025-08-09
STU-0336,Amara Das,2025 · Term 1,Electronics,3,7.69,0,69.53200000000001,69.021,45.677,65.75399999999999,60.976,84.31,70.3,2025-08-09
STU-0336,Amara Das,2025 · Term 2,Electronics,3,7.75,0,69.796,69.263,45.831,66.062,61.327999999999996,84.53,70.6,2025-08-09
STU-0337,Pranav Das,2024 · Term 1,Information Technology,3,6.25,0,54.0185,34.408625,44.669125,81.43825000000001,83.85799999999999,68.99875,78.1,2025-08-28
STU-0337,Pranav Das,2024 · Term 2,Information Technology,3,6.04,2,53.139500000000005,33.602875000000004,44.156375,80.41275,82.68599999999999,68.26625,77.1,2025-08-28
STU-0337,Pranav Das,2025 · Term 1,Information Technology,3,5.84,0,52.2605,32.797125,43.643625,79.38725000000001,81.514,67.53375000000001,76.1,2025-08-28
STU-0337,Pranav Das,2025 · Term 2,Information Technology,3,5.63,1,51.3815,31.991375,43.130874999999996,78.36175,80.342,66.80125000000001,75.2,2025-08-28
STU-0338,Tanish Das,2024 · Term 1,Business Analytics,3,6.74,0,55.675,41.918749999999996,47.193749999999994,62.3875,67.5,67.9625,66,2025-08-27
STU-0338,Tanish Das,2024 · Term 2,Business Analytics,3,6.64,0,55.225,41.506249999999994,46.93125,61.862500000000004,66.89999999999999,67.5875,65.5,2025-08-27
STU-0338,Tanish Das,2025 · Term 1,Business Analytics,3,6.53,1,54.775,41.09375,46.668749999999996,61.3375,66.3,67.2125,65,2025-08-27
STU-0338,Tanish Das,2025 · Term 2,Business Analytics,3,6.43,0,54.325,40.68125,46.40625,60.8125,65.69999999999999,66.8375,64.5,2025-08-27
STU-0339,Kavya Das,2024 · Term 1,Mechanical,3,8.88,0,49.9895,61.065375,64.468875,93.83775,35.686,87.14125,72.2,2025-08-18
STU-0339,Kavya Das,2024 · Term 2,Mechanical,3,9.21,0,51.3965,62.355125,65.289625,95.47925,37.562,88.31375,73.8,2025-08-18
STU-0339,Kavya Das,2025 · Term 1,Mechanical,3,9.53,0,52.8035,63.644875,66.110375,97.12075,39.438,89.48625000000001,75.3,2025-08-18
STU-0339,Kavya Das,2025 · Term 2,Mechanical,3,9.86,0,54.2105,64.934625,66.93112500000001,98.76225,41.314,90.65875000000001,76.9,2025-08-18
STU-0340,Aditya Das,2024 · Term 1,Civil Engineering,3,6.06,2,40.4615,53.631375000000006,74.210875,65.52175,89.582,48.80125,68,2025-08-26
STU-0340,Aditya Das,2024 · Term 2,Civil Engineering,3,5.82,0,39.4205,52.677125000000004,73.603625,64.30725,88.194,47.93375,66.8,2025-08-26
STU-0340,Aditya Das,2025 · Term 1,Civil Engineering,3,5.58,1,38.3795,51.722875,72.996375,63.09275,86.806,47.06625,65.7,2025-08-26
STU-0340,Aditya Das,2025 · Term 2,Civil Engineering,3,5.33,2,37.338499999999996,50.768625,72.38912499999999,61.87825,85.418,46.19875,64.5,2025-08-26
STU-0341,Ananya Das,2024 · Term 1,Computer Science,3,7.38,0,66.847,47.55975,51.91075,50.0215,45.996,86.6725,60.9,2025-08-07
STU-0341,Ananya Das,2024 · Term 2,Computer Science,3,7.4,0,66.949,47.65325,51.97025,50.1405,46.132000000000005,86.7575,61,2025-08-07
STU-0341,Ananya Das,2025 · Term 1,Computer Science,3,7.42,0,67.051,47.746750000000006,52.02975,50.2595,46.268,86.8425,61.1,2025-08-07
STU-0341,Ananya Das,2025 · Term 2,Computer Science,3,7.45,0,67.153,47.840250000000005,52.08925,50.3785,46.404,86.9275,61.2,2025-08-07
STU-0342,Rhea Das,2024 · Term 1,Information Technology,3,8.69,0,86.23249999999999,69.88812499999999,86.01062499999999,32.92125,37.41,62.34375,44.2,2025-08-16
STU-0342,Rhea Das,2024 · Term 2,Information Technology,3,8.98,0,87.47749999999999,71.02937499999999,86.736875,34.37375,39.07,63.38125,45.6,2025-08-16
STU-0342,Rhea Das,2025 · Term 1,Information Technology,3,9.27,1,88.7225,72.170625,87.46312499999999,35.82625,40.73,64.41875,47,2025-08-16
STU-0342,Rhea Das,2025 · Term 2,Information Technology,3,9.56,0,89.9675,73.311875,88.189375,37.27875,42.39,65.45625,48.4,2025-08-16
STU-0343,Tara Das,2024 · Term 1,Electronics,3,6.56,0,61.518,79.94149999999999,82.9355,57.471,94.224,86.365,79.4,2025-08-25
STU-0343,Tara Das,2024 · Term 2,Electronics,3,6.41,0,60.906,79.3805,82.5785,56.757,93.408,85.85499999999999,78.7,2025-08-25
STU-0343,Tara Das,2025 · Term 1,Electronics,3,6.27,0,60.294000000000004,78.81949999999999,82.2215,56.043,92.592,85.345,78,2025-08-25
STU-0343,Tara Das,2025 · Term 2,Electronics,3,6.13,2,59.682,78.2585,81.8645,55.329,91.776,84.835,77.3,2025-08-25
STU-0344,Kabir Das,2024 · Term 1,Mechanical,3,7.87,0,59.9035,93.869875,54.235375000000005,55.57075,75.83800000000001,42.23625,57.9,2025-08-06
STU-0344,Kabir Das,2024 · Term 2,Mechanical,3,7.99,0,60.4345,94.356625,54.545125000000006,56.19025,76.546,42.67875,58.5,2025-08-06
STU-0344,Kabir Das,2025 · Term 1,Mechanical,3,8.12,0,60.965500000000006,94.843375,54.854875,56.80975,77.254,43.121249999999996,59.1,2025-08-06
STU-0344,Kabir Das,2025 · Term 2,Mechanical,3,8.24,0,61.496500000000005,95.330125,55.164625,57.42925,77.962,43.56375,59.7,2025-08-06
STU-0345,Esha Das,2024 · Term 1,Business Analytics,3,5.74,1,80.589,40.92325,60.16025,90.92049999999999,99.052,90.6575,93.5,2025-08-15
STU-0345,Esha Das,2024 · Term 2,Business Analytics,3,5.43,2,79.26299999999999,39.707750000000004,59.38675,89.37349999999999,97.284,89.5525,92.1,2025-08-15
STU-0345,Esha Das,2025 · Term 1,Business Analytics,3,5.12,0,77.937,38.49225,58.61325,87.8265,95.516,88.4475,90.6,2025-08-15
STU-0345,Esha Das,2025 · Term 2,Business Analytics,3,4.81,1,76.61099999999999,37.27675,57.83975,86.2795,93.748,87.3425,89.1,2025-08-15
STU-0346,Arjun Das,2024 · Term 1,Civil Engineering,3,7.05,0,70.3745,35.451625,43.060125,78.82025,41.266,49.32875,56.5,2025-08-24
STU-0346,Arjun Das,2024 · Term 2,Civil Engineering,3,7.01,0,70.19149999999999,35.283875,42.953375,78.60675,41.022,49.17625,56.3,2025-08-24
STU-0346,Arjun Das,2025 · Term 1,Civil Engineering,3,6.96,0,70.0085,35.116125000000004,42.846624999999996,78.39325,40.778,49.02375,56.1,2025-08-24
STU-0346,Arjun Das,2025 · Term 2,Civil Engineering,3,6.92,0,69.82549999999999,34.948375000000006,42.739875,78.17975,40.534,48.87125,55.9,2025-08-24
STU-0347,Rohan Das,2024 · Term 1,Computer Science,3,8.36,1,64.56,60.98,59.959999999999994,60.72,63.879999999999995,51.4,58.7,2025-08-05
STU-0347,Rohan Das,2024 · Term 2,Computer Science,3,8.59,0,65.52,61.86,60.519999999999996,61.839999999999996,65.16,52.2,59.7,2025-08-05
STU-0347,Rohan Das,2025 · Term 1,Computer Science,3,8.81,0,66.48,62.739999999999995,61.08,62.96,66.44,53,60.8,2025-08-05
STU-0347,Rohan Das,2025 · Term 2,Computer Science,3,9.04,0,67.44,63.62,61.64,64.08,67.72,53.800000000000004,61.9,2025-08-05
STU-0348,Yash Das,2024 · Term 1,Mechanical,3,5.9,0,53.2775,66.629375,44.536875,96.97375000000001,84.67,78.78125,86.8,2025-08-10
STU-0348,Yash Das,2024 · Term 2,Mechanical,3,5.62,1,52.0925,65.543125,43.845625,95.59125,83.09,77.79375,85.5,2025-08-10
STU-0348,Yash Das,2025 · Term 1,Mechanical,3,5.34,2,50.9075,64.456875,43.154375,94.20875000000001,81.50999999999999,76.80624999999999,84.2,2025-08-10
STU-0348,Yash Das,2025 · Term 2,Mechanical,3,5.07,0,49.7225,63.370625,42.463125,92.82625,79.92999999999999,75.81875,82.9,2025-08-10
STU-0349,Meera Das,2024 · Term 1,Business Analytics,3,7.21,0,72.863,38.15775,53.63675,56.273500000000006,57.084,59.0525,57.5,2025-08-19
STU-0349,Meera Das,2024 · Term 2,Business Analytics,3,7.2,0,72.821,38.11925,53.61225,56.224500000000006,57.028,59.0175,57.4,2025-08-19
STU-0349,Meera Das,2025 · Term 1,Business Analytics,3,7.19,0,72.779,38.08075,53.58775,56.1755,56.972,58.9825,57.4,2025-08-19
STU-0349,Meera Das,2025 · Term 2,Business Analytics,3,7.18,0,72.737,38.04225,53.563250000000004,56.1265,56.916,58.9475,57.3,2025-08-19
STU-0350,Kiran Das,2024 · Term 1,Electronics,3,5.92,2,64.146,41.700500000000005,51.618500000000004,79.837,79.328,45.455,68.2,2025-08-17
STU-0350,Kiran Das,2024 · Term 2,Electronics,3,5.65,0,62.982,40.6335,50.9395,78.479,77.776,44.485,66.9,2025-08-17
STU-0350,Kiran Das,2025 · Term 1,Electronics,3,5.38,1,61.818,39.566500000000005,50.2605,77.121,76.224,43.515,65.6,2025-08-17
STU-0350,Kiran Das,2025 · Term 2,Electronics,3,5.11,2,60.653999999999996,38.4995,49.5815,75.76299999999999,74.672,42.545,64.3,2025-08-17
STU-0351,Avani Das,2024 · Term 1,Information Technology,3,8.06,0,83.2605,46.647125,52.493625,46.88725,51.314,49.433749999999996,49.2,2025-08-08
STU-0351,Avani Das,2024 · Term 2,Information Technology,3,8.22,0,83.95349999999999,47.282375,52.897875,47.695750000000004,52.238,50.01125,50,2025-08-08
STU-0351,Avani Das,2025 · Term 1,Information Technology,3,8.38,0,84.6465,47.917625,53.302125000000004,48.50425,53.162000000000006,50.58875,50.8,2025-08-08
STU-0351,Avani Das,2025 · Term 2,Information Technology,3,8.54,0,85.3395,48.552875,53.706375,49.31275,54.086000000000006,51.16625,51.5,2025-08-08
STU-0352,Saanvi Das,2024 · Term 1,Computer Science,3,6.74,0,48.875,46.918749999999996,32.99375,58.987500000000004,57.699999999999996,86.9625,67.9,2025-08-27
STU-0352,Saanvi Das,2024 · Term 2,Computer Science,3,6.64,0,48.425000000000004,46.506249999999994,32.73125,58.462500000000006,57.099999999999994,86.5875,67.4,2025-08-27
STU-0352,Saanvi Das,2025 · Term 1,Computer Science,3,6.53,0,47.975,46.09375,32.46875,57.9375,56.5,86.2125,66.9,2025-08-27
STU-0352,Saanvi Das,2025 · Term 2,Computer Science,3,6.43,0,47.525000000000006,45.68125,32.206250000000004,57.4125,55.9,85.8375,66.4,2025-08-27
STU-0353,Aarav Sen,2024 · Term 1,Civil Engineering,3,8.88,0,86.98949999999999,64.065375,89.468875,69.43775000000001,63.086000000000006,47.14125,59.9,2025-08-18
STU-0353,Aarav Sen,2024 · Term 2,Civil Engineering,3,9.21,0,88.39649999999999,65.355125,90.289625,71.07925,64.962,48.31375,61.5,2025-08-18
STU-0353,Aarav Sen,2025 · Term 1,Civil Engineering,3,9.53,0,89.8035,66.644875,91.110375,72.72075000000001,66.83800000000001,49.48625,63,2025-08-18
STU-0353,Aarav Sen,2025 · Term 2,Civil Engineering,3,9.86,0,91.2105,67.934625,91.93112500000001,74.36225,68.714,50.65875,64.6,2025-08-18
STU-0354,Mira Sen,2024 · Term 1,Computer Science,3,7.73,0,36.788,92.139,85.043,38.686,84.984,62.09,61.9,2025-08-25
STU-0354,Mira Sen,2024 · Term 2,Computer Science,3,7.82,0,37.196,92.513,85.281,39.162,85.52799999999999,62.43,62.4,2025-08-25
STU-0354,Mira Sen,2025 · Term 1,Computer Science,3,7.92,0,37.604,92.887,85.519,39.638,86.072,62.77,62.8,2025-08-25
STU-0354,Mira Sen,2025 · Term 2,Computer Science,3,8.01,0,38.012,93.26100000000001,85.757,40.114,86.616,63.11,63.3,2025-08-25
STU-0355,Maya Sen,2024 · Term 1,Civil Engineering,3,6.41,0,68.2025,81.610625,79.343125,71.78625,95.17,97.61875,88.2,2025-08-16
STU-0355,Maya Sen,2024 · Term 2,Civil Engineering,3,6.24,0,67.4675,80.936875,78.914375,70.92875,94.19,97.00625000000001,87.4,2025-08-16
STU-0355,Maya Sen,2025 · Term 1,Civil Engineering,3,6.07,1,66.73249999999999,80.26312499999999,78.485625,70.07125,93.21000000000001,96.39375,86.6,2025-08-16
STU-0355,Maya Sen,2025 · Term 2,Civil Engineering,3,5.9,2,65.99749999999999,79.58937499999999,78.056875,69.21375,92.23,95.78125,85.7,2025-08-16
STU-0356,Dev Sen,2024 · Term 1,Business Analytics,3,8.55,0,30.317,38.55725,48.81825,49.0365,69.956,32.5975,50.5,2025-08-07
STU-0356,Dev Sen,2024 · Term 2,Business Analytics,3,8.81,0,31.439,39.585750000000004,49.47275,50.3455,71.452,33.5325,51.8,2025-08-07
STU-0356,Dev Sen,2025 · Term 1,Business Analytics,3,9.07,0,32.561,40.61425,50.12725,51.6545,72.94800000000001,34.4675,53,2025-08-07
STU-0356,Dev Sen,2025 · Term 2,Business Analytics,3,9.34,0,33.683,41.64275,50.781749999999995,52.9635,74.444,35.4025,54.3,2025-08-07
STU-0357,Sara Sen,2024 · Term 1,Mechanical,3,7.24,0,62.9315,38.628875,68.118375,84.33675,81.742,49.12625,71.7,2025-08-26
STU-0357,Sara Sen,2024 · Term 2,Mechanical,3,7.23,0,62.9105,38.609625,68.10612499999999,84.31224999999999,81.714,49.10875,71.7,2025-08-26
STU-0357,Sara Sen,2025 · Term 1,Mechanical,3,7.23,0,62.8895,38.590375,68.093875,84.28775,81.686,49.09125,71.7,2025-08-26
STU-0357,Sara Sen,2025 · Term 2,Mechanical,3,7.22,0,62.8685,38.571125,68.08162499999999,84.26325,81.658,49.073750000000004,71.7,2025-08-26
STU-0358,Aditi Sen,2024 · Term 1,Computer Science,3,5.76,0,61.762,85.4985,55.7445,65.489,98.216,60.235,74.6,2025-08-01
STU-0358,Aditi Sen,2024 · Term 2,Computer Science,3,5.45,1,60.454,84.29950000000001,54.981500000000004,63.963,96.472,59.145,73.2,2025-08-01
STU-0358,Aditi Sen,2025 · Term 1,Computer Science,3,5.15,2,59.145999999999994,83.1005,54.2185,62.437000000000005,94.728,58.055,71.7,2025-08-01
STU-0358,Aditi Sen,2025 · Term 2,Computer Science,3,4.84,0,57.837999999999994,81.9015,53.4555,60.911,92.984,56.965,70.3,2025-08-01
STU-0359,Nikhil Sen,2024 · Term 1,Civil Engineering,3,7.89,0,72.2765,38.645125,48.219625,35.93925,77.002,89.41375,67.5,2025-08-20
STU-0359,Nikhil Sen,2024 · Term 2,Civil Engineering,3,8.02,0,72.82549999999999,39.148375,48.539875,36.57975,77.734,89.87124999999999,68.1,2025-08-20
STU-0359,Nikhil Sen,2025 · Term 1,Civil Engineering,3,8.15,0,73.3745,39.651624999999996,48.860125000000004,37.22025,78.466,90.32875,68.7,2025-08-20
STU-0359,Nikhil Sen,2025 · Term 2,Civil Engineering,3,8.28,1,73.92349999999999,40.154875,49.180375000000005,37.860749999999996,79.198,90.78625,69.3,2025-08-20
STU-0360,Naina Sen,2024 · Term 1,Mechanical,3,8.19,0,82.4805,49.482125,39.388625000000005,62.47725,74.47399999999999,58.88375,65.3,2025-08-24
STU-0360,Naina Sen,2024 · Term 2,Mechanical,3,8.38,0,83.29350000000001,50.227375,39.862875,63.42575,75.55799999999999,59.56125,66.2,2025-08-24
STU-0360,Naina Sen,2025 · Term 1,Mechanical,3,8.57,0,84.1065,50.972625,40.337125,64.37425,76.642,60.238749999999996,67.1,2025-08-24
STU-0360,Naina Sen,2025 · Term 2,Mechanical,3,8.76,0,84.9195,51.717875,40.811375,65.32275,77.726,60.91625,68,2025-08-24
STU-0361,Diya Sen,2024 · Term 1,Business Analytics,3,6.06,1,81.366,55.1355,78.7135,49.626999999999995,42.488,34.705,42.3,2025-08-05
STU-0361,Diya Sen,2024 · Term 2,Business Analytics,3,5.82,2,80.322,54.1785,78.1045,48.409,41.096,33.835,41.1,2025-08-05
STU-0361,Diya Sen,2025 · Term 1,Business Analytics,3,5.57,0,79.27799999999999,53.221500000000006,77.49549999999999,47.190999999999995,39.704,32.964999999999996,40,2025-08-05
STU-0361,Diya Sen,2025 · Term 2,Business Analytics,3,5.33,1,78.234,52.264500000000005,76.8865,45.973,38.312,32.095,38.8,2025-08-05
STU-0362,Vihaan Sen,2024 · Term 1,Information Technology,3,9.02,0,64.0095,66.700375,77.763875,41.82775,43.245999999999995,73.59125,52.9,2025-08-06
STU-0362,Vihaan Sen,2024 · Term 2,Information Technology,3,9.37,0,65.5365,68.10012499999999,78.654625,43.60925,45.282,74.86375,54.6,2025-08-06
STU-0362,Vihaan Sen,2025 · Term 1,Information Technology,3,9.73,0,67.06349999999999,69.499875,79.54537499999999,45.39075,47.318,76.13625,56.3,2025-08-06
STU-0362,Vihaan Sen,2025 · Term 2,Information Technology,3,10,1,68.59049999999999,70.899625,80.43612499999999,47.17225,49.354,77.40875,58,2025-08-06
STU-0363,Akash Sen,2024 · Term 1,Electronics,3,6.88,0,69.095,81.15375,75.08874999999999,46.5775,69.46,97.4125,71.1,2025-08-15
STU-0363,Akash Sen,2024 · Term 2,Electronics,3,6.8,0,68.765,80.85125000000001,74.89625,46.1925,69.02,97.1375,70.8,2025-08-15
STU-0363,Akash Sen,2025 · Term 1,Electronics,3,6.73,0,68.43499999999999,80.54875,74.70375,45.8075,68.58,96.8625,70.4,2025-08-15
STU-0363,Akash Sen,2025 · Term 2,Electronics,3,6.65,0,68.10499999999999,80.24625,74.51125,45.4225,68.14,96.5875,70,2025-08-15
STU-0364,Neha Sen,2024 · Term 1,Information Technology,3,6.55,0,78.4225,54.845625,55.238125000000004,44.17625,35.129999999999995,53.46875,44.3,2025-08-04
STU-0364,Neha Sen,2024 · Term 2,Information Technology,3,6.41,0,77.8075,54.281875,54.879375,43.45875,34.309999999999995,52.956250000000004,43.6,2025-08-04
STU-0364,Neha Sen,2025 · Term 1,Information Technology,3,6.27,0,77.1925,53.718125,54.520625,42.74125,33.49,52.44375,42.9,2025-08-04
STU-0364,Neha Sen,2025 · Term 2,Information Technology,3,6.12,1,76.5775,53.154375,54.161875,42.02375,32.67,51.931250000000006,42.2,2025-08-04
STU-0365,Reyansh Sen,2024 · Term 1,Electronics,3,7.87,0,44.408,61.574,88.13799999999999,75.476,94.544,82.94,84.3,2025-08-13
STU-0365,Reyansh Sen,2024 · Term 2,Electronics,3,7.99,0,44.936,62.058,88.446,76.092,95.24799999999999,83.38,84.9,2025-08-13
STU-0365,Reyansh Sen,2025 · Term 1,Electronics,3,8.11,0,45.464000000000006,62.541999999999994,88.75399999999999,76.70800000000001,95.952,83.82,85.5,2025-08-13
STU-0365,Reyansh Sen,2025 · Term 2,Electronics,3,8.24,0,45.992000000000004,63.025999999999996,89.062,77.32400000000001,96.65599999999999,84.25999999999999,86.1,2025-08-13
STU-0366,Ishaan Sen,2024 · Term 1,Civil Engineering,3,7.37,0,35.551500000000004,63.063875,51.413375,48.92675,76.50200000000001,33.176249999999996,52.9,2025-08-14
STU-0366,Ishaan Sen,2024 · Term 2,Civil Engineering,3,7.4,0,35.6505,63.154625,51.471125,49.04225,76.634,33.25875,53,2025-08-14
STU-0366,Ishaan Sen,2025 · Term 1,Civil Engineering,3,7.42,0,35.749500000000005,63.245375,51.528875,49.15775,76.766,33.341249999999995,53.1,2025-08-14
STU-0366,Ishaan Sen,2025 · Term 2,Civil Engineering,3,7.44,0,35.8485,63.336125,51.586625,49.273250000000004,76.898,33.42375,53.2,2025-08-14
STU-0367,Zoya Sen,2024 · Term 1,Computer Science,3,8.69,0,57.937,41.19225,58.31325,80.6265,46.315999999999995,58.4475,61.8,2025-08-23
STU-0367,Zoya Sen,2024 · Term 2,Computer Science,3,8.98,1,59.178999999999995,42.33075,59.037749999999996,82.07549999999999,47.971999999999994,59.4825,63.2,2025-08-23
STU-0367,Zoya Sen,2025 · Term 1,Computer Science,3,9.27,0,60.421,43.469249999999995,59.76225,83.5245,49.628,60.5175,64.6,2025-08-23
STU-0367,Zoya Sen,2025 · Term 2,Computer Science,3,9.56,0,61.663,44.607749999999996,60.48675,84.9735,51.284,61.5525,65.9,2025-08-23
STU-0368,Amara Sen,2024 · Term 1,Civil Engineering,3,8.36,0,36.0645,32.084125,90.462625,31.025250000000003,47.986,95.90374999999999,58.3,2025-08-12
STU-0368,Amara Sen,2024 · Term 2,Civil Engineering,3,8.58,0,37.0215,32.961375,91.020875,32.14175,49.262,96.70124999999999,59.4,2025-08-12
STU-0368,Amara Sen,2025 · Term 1,Civil Engineering,3,8.81,0,37.9785,33.838625,91.57912499999999,33.258250000000004,50.538,97.49875,60.4,2025-08-12
STU-0368,Amara Sen,2025 · Term 2,Civil Engineering,3,9.03,0,38.9355,34.715875,92.13737499999999,34.374750000000006,51.814,98.29625,61.5,2025-08-12
STU-0369,Pranav Sen,2024 · Term 1,Computer Science,3,6.22,0,66.14999999999999,67.1375,35.5875,91.775,55.599999999999994,34.925,60.8,2025-08-21
STU-0369,Pranav Sen,2024 · Term 2,Computer Science,3,6.01,1,65.25,66.3125,35.0625,90.72500000000001,54.4,34.175,59.8,2025-08-21
STU-0369,Pranav Sen,2025 · Term 1,Computer Science,3,5.8,2,64.35,65.48750000000001,34.537499999999994,89.675,53.199999999999996,33.425,58.8,2025-08-21
STU-0369,Pranav Sen,2025 · Term 2,Computer Science,3,5.59,0,63.449999999999996,64.66250000000001,34.012499999999996,88.625,52,32.675,57.8,2025-08-21
STU-0370,Tanish Sen,2024 · Term 1,Business Analytics,3,8.85,0,90.32100000000001,59.99425,33.18725,64.1745,69.428,50.6675,61.4,2025-08-11
STU-0370,Tanish Sen,2024 · Term 2,Business Analytics,3,9.18,0,91.70700000000001,61.26475,33.99575,65.7915,71.276,51.8225,63,2025-08-11
STU-0370,Tanish Sen,2025 · Term 1,Business Analytics,3,9.5,0,93.093,62.53525,34.804249999999996,67.40849999999999,73.12400000000001,52.9775,64.5,2025-08-11
STU-0370,Tanish Sen,2025 · Term 2,Business Analytics,3,9.82,0,94.479,63.805749999999996,35.61275,69.0255,74.97200000000001,54.1325,66,2025-08-11
STU-0371,Kavya Sen,2024 · Term 1,Mechanical,3,7.54,0,46.9355,39.665875,37.087374999999994,39.47475,69.814,67.59625000000001,59,2025-08-02
STU-0371,Kavya Sen,2024 · Term 2,Mechanical,3,7.6,1,47.1785,39.888625,37.229124999999996,39.75825,70.13799999999999,67.79875000000001,59.2,2025-08-02
STU-0371,Kavya Sen,2025 · Term 1,Mechanical,3,7.65,0,47.421499999999995,40.111375,37.370875,40.04175,70.462,68.00125,59.5,2025-08-02
STU-0371,Kavya Sen,2025 · Term 2,Mechanical,3,7.71,0,47.6645,40.334125,37.512625,40.32525,70.786,68.20375,59.8,2025-08-02
STU-0372,Aditya Sen,2024 · Term 1,Computer Science,3,8.03,0,78.592,45.376,55.211999999999996,83.224,66.456,45.36,65,2025-08-01
STU-0372,Aditya Sen,2024 · Term 2,Computer Science,3,8.19,0,79.264,45.992,55.604,84.00800000000001,67.352,45.92,65.8,2025-08-01
STU-0372,Aditya Sen,2025 · Term 1,Computer Science,3,8.35,0,79.93599999999999,46.608,55.995999999999995,84.792,68.24799999999999,46.480000000000004,66.5,2025-08-01
STU-0372,Aditya Sen,2025 · Term 2,Computer Science,3,8.5,0,80.60799999999999,47.224,56.388,85.57600000000001,69.14399999999999,47.040000000000006,67.3,2025-08-01
STU-0373,Ananya Sen,2024 · Term 1,Civil Engineering,3,6.72,0,64.8065,58.447624999999995,49.512125000000005,34.32425,59.442,59.488749999999996,51.1,2025-08-20
STU-0373,Ananya Sen,2024 · Term 2,Civil Engineering,3,6.61,0,64.3355,58.015874999999994,49.237375,33.77475,58.814,59.09625,50.6,2025-08-20
STU-0373,Ananya Sen,2025 · Term 1,Civil Engineering,3,6.5,0,63.86449999999999,57.584125,48.962625,33.22525,58.186,58.70375,50,2025-08-20
STU-0373,Ananya Sen,2025 · Term 2,Civil Engineering,3,6.39,0,63.393499999999996,57.152375,48.687875,32.67575,57.558,58.31125,49.5,2025-08-20
STU-0374,Rhea Sen,2024 · Term 1,Computer Science,3,7.05,0,68.279,55.555749999999996,61.96275,57.9255,80.372,86.63250000000001,75,2025-08-03
STU-0374,Rhea Sen,2024 · Term 2,Computer Science,3,7,0,68.093,55.38525,61.85425,57.7085,80.124,86.4775,74.8,2025-08-03
STU-0374,Rhea Sen,2025 · Term 1,Computer Science,3,6.96,0,67.907,55.214749999999995,61.745749999999994,57.4915,79.876,86.3225,74.6,2025-08-03
STU-0374,Rhea Sen,2025 · Term 2,Computer Science,3,6.92,0,67.721,55.04425,61.637249999999995,57.2745,79.628,86.1675,74.4,2025-08-03
STU-0375,Tara Sen,2024 · Term 1,Civil Engineering,3,5.73,2,54.893499999999996,36.427375,76.862875,66.82575,64.958,37.16125,56.3,2025-08-22
STU-0375,Tara Sen,2024 · Term 2,Civil Engineering,3,5.42,0,53.564499999999995,35.209125,76.087625,65.27525,63.186,36.05375,54.8,2025-08-22
STU-0375,Tara Sen,2025 · Term 1,Civil Engineering,3,5.11,1,52.2355,33.990875,75.312375,63.72475,61.413999999999994,34.94625,53.4,2025-08-22
STU-0375,Tara Sen,2025 · Term 2,Civil Engineering,3,4.8,2,50.9065,32.772625000000005,74.537125,62.17425,59.641999999999996,33.83875,51.9,2025-08-22
STU-0376,Kabir Sen,2024 · Term 1,Electronics,3,6.22,0,85.35,41.3375,40.7875,78.775,95.2,36.925,70.3,2025-08-21
STU-0376,Kabir Sen,2024 · Term 2,Electronics,3,6.01,0,84.45,40.5125,40.2625,77.72500000000001,94,36.175,69.3,2025-08-21
STU-0376,Kabir Sen,2025 · Term 1,Electronics,3,5.8,1,83.55,39.6875,39.7375,76.675,92.80000000000001,35.425,68.3,2025-08-21
STU-0376,Kabir Sen,2025 · Term 2,Electronics,3,5.59,2,82.65,38.862500000000004,39.2125,75.625,91.60000000000001,34.675,67.3,2025-08-21
STU-0377,Esha Sen,2024 · Term 1,Information Technology,3,8.36,0,82.0645,50.284125,37.662625,62.02525,59.786,40.10375,54,2025-08-12
STU-0377,Esha Sen,2024 · Term 2,Information Technology,3,8.58,0,83.0215,51.161375,38.220875,63.14175,61.062000000000005,40.90125,55,2025-08-12
STU-0377,Esha Sen,2025 · Term 1,Information Technology,3,8.81,0,83.9785,52.038625,38.779125,64.25825,62.338,41.69875,56.1,2025-08-12
STU-0377,Esha Sen,2025 · Term 2,Information Technology,3,9.03,0,84.9355,52.915875,39.337375,65.37475,63.614000000000004,42.496249999999996,57.2,2025-08-12
STU-0378,Arjun Sen,2024 · Term 1,Computer Science,3,9.02,0,72.505,73.59625,72.26124999999999,44.3225,91.34,82.6875,72.8,2025-08-27
STU-0378,Arjun Sen,2024 · Term 2,Computer Science,3,9.38,0,74.035,74.99875,73.15374999999999,46.1075,93.38000000000001,83.96249999999999,74.5,2025-08-27
STU-0378,Arjun Sen,2025 · Term 1,Computer Science,3,9.73,0,75.565,76.40125,74.04625,47.8925,95.42,85.2375,76.2,2025-08-27
STU-0378,Arjun Sen,2025 · Term 2,Computer Science,3,10,0,77.095,77.80375000000001,74.93875,49.6775,97.46000000000001,86.51249999999999,77.9,2025-08-27
STU-0379,Rohan Sen,2024 · Term 1,Civil Engineering,3,7.71,0,51.3195,49.067875,34.161375,77.82275,70.726,43.61625,64.1,2025-08-18
STU-0379,Rohan Sen,2024 · Term 2,Civil Engineering,3,7.8,0,51.7065,49.422625000000004,34.387125,78.27425,71.242,43.93875,64.5,2025-08-18
STU-0379,Rohan Sen,2025 · Term 1,Civil Engineering,3,7.89,0,52.0935,49.777375,34.612875,78.72575,71.758,44.261250000000004,64.9,2025-08-18
STU-0379,Rohan Sen,2025 · Term 2,Civil Engineering,3,7.98,0,52.4805,50.132125,34.838625,79.17725,72.274,44.58375,65.3,2025-08-18
STU-0380,Yash Sen,2024 · Term 1,Civil Engineering,3,8.04,0,60.887499999999996,93.47187500000001,92.50937499999999,78.51875,33.15,61.65625,57.8,2025-08-18
STU-0380,Yash Sen,2024 · Term 2,Civil Engineering,3,8.19,0,61.5625,94.090625,92.90312499999999,79.30625,34.05,62.21875,58.5,2025-08-18
STU-0380,Yash Sen,2025 · Term 1,Civil Engineering,3,8.35,0,62.2375,94.70937500000001,93.296875,80.09375,34.95,62.78125,59.3,2025-08-18
STU-0380,Yash Sen,2025 · Term 2,Civil Engineering,3,8.51,0,62.9125,95.328125,93.690625,80.88125000000001,35.85,63.34375,60,2025-08-18
STU-0381,Meera Sen,2024 · Term 1,Computer Science,3,5.9,0,91.573,56.92525,98.03425,65.46849999999999,54.964,80.0775,66.8,2025-08-27
STU-0381,Meera Sen,2024 · Term 2,Computer Science,3,5.62,1,90.39099999999999,55.84175,97.34475,64.0895,53.388,79.0925,65.5,2025-08-27
STU-0381,Meera Sen,2025 · Term 1,Computer Science,3,5.35,2,89.209,54.75825,96.65525,62.710499999999996,51.812000000000005,78.10749999999999,64.2,2025-08-27
STU-0381,Meera Sen,2025 · Term 2,Computer Science,3,5.07,0,88.027,53.674749999999996,95.96575,61.3315,50.236000000000004,77.12249999999999,62.9,2025-08-27
STU-0382,Kiran Sen,2024 · Term 1,Information Technology,3,7.22,0,72.7585,51.253625,60.134125000000004,93.96825000000001,63.578,45.74875,67.8,2025-08-08
STU-0382,Kiran Sen,2024 · Term 2,Information Technology,3,7.21,0,72.7195,51.217875,60.111375,93.92275000000001,63.526,45.71625,67.7,2025-08-08
STU-0382,Kiran Sen,2025 · Term 1,Information Technology,3,7.2,0,72.68050000000001,51.182125000000006,60.088625,93.87725,63.474,45.68375,67.7,2025-08-08
STU-0382,Kiran Sen,2025 · Term 2,Information Technology,3,7.19,0,72.64150000000001,51.146375000000006,60.065875,93.83175,63.422,45.651250000000005,67.6,2025-08-08
STU-0383,Avani Sen,2024 · Term 1,Electronics,3,8.53,0,33.544000000000004,57.982,43.434,81.068,66.792,96.42,81.4,2025-08-17
STU-0383,Avani Sen,2024 · Term 2,Electronics,3,8.79,0,34.648,58.994,44.077999999999996,82.356,68.264,97.34,82.7,2025-08-17
STU-0383,Avani Sen,2025 · Term 1,Electronics,3,9.04,0,35.752,60.006,44.722,83.644,69.736,98.25999999999999,83.9,2025-08-17
STU-0383,Avani Sen,2025 · Term 2,Electronics,3,9.3,0,36.856,61.018,45.366,84.932,71.208,99.17999999999999,85.1,2025-08-17
STU-0384,Saanvi Sen,2024 · Term 1,Information Technology,4,6.23,0,75.6455,34.433375000000005,71.684875,68.06975,68.694,82.82125,73.2,2025-08-10
STU-0384,Saanvi Sen,2024 · Term 2,Information Technology,4,6.02,2,74.74849999999999,33.611125,71.161625,67.02325,67.498,82.07375,72.2,2025-08-10
STU-0384,Saanvi Sen,2025 · Term 1,Information Technology,4,5.81,0,73.8515,32.788875000000004,70.63837500000001,65.97675,66.302,81.32625,71.2,2025-08-10
STU-0384,Saanvi Sen,2025 · Term 2,Information Technology,4,5.6,1,72.9545,31.966625000000004,70.115125,64.93025,65.10600000000001,80.57875,70.2,2025-08-10
STU-0385,Aarav Kulkarni,2024 · Term 1,Electronics,4,7.54,0,70.831,48.36175,76.38475,68.5695,71.10799999999999,88.6925,76.1,2025-08-19
STU-0385,Aarav Kulkarni,2024 · Term 2,Electronics,4,7.6,0,71.077,48.587250000000004,76.52825,68.8565,71.43599999999999,88.8975,76.4,2025-08-19
STU-0385,Aarav Kulkarni,2025 · Term 1,Electronics,4,7.66,0,71.32300000000001,48.81275,76.67174999999999,69.1435,71.764,89.1025,76.7,2025-08-19
STU-0385,Aarav Kulkarni,2025 · Term 2,Electronics,4,7.72,0,71.569,49.038250000000005,76.81524999999999,69.4305,72.092,89.3075,76.9,2025-08-19
STU-0386,Mira Kulkarni,2024 · Term 1,Mechanical,4,8.86,0,40.216499999999996,46.490125,37.484625,55.869249999999994,91.722,85.76375,77.8,2025-08-28
STU-0386,Mira Kulkarni,2024 · Term 2,Mechanical,4,9.18,0,41.6055,47.763374999999996,38.294875000000005,57.48975,93.574,86.92125,79.3,2025-08-28
STU-0386,Mira Kulkarni,2025 · Term 1,Mechanical,4,9.51,0,42.994499999999995,49.036625,39.105125,59.11024999999999,95.426,88.07875,80.9,2025-08-28
STU-0386,Mira Kulkarni,2025 · Term 2,Mechanical,4,9.83,0,44.3835,50.309875,39.915375000000004,60.73075,97.278,89.23625,82.4,2025-08-28
STU-0387,Maya Kulkarni,2024 · Term 1,Business Analytics,4,6.72,0,42.501999999999995,48.743500000000004,65.6095,87.21900000000001,85.93599999999999,71.785,81.6,2025-08-09
STU-0387,Maya Kulkarni,2024 · Term 2,Business Analytics,4,6.61,0,42.034,48.3145,65.3365,86.673,85.312,71.395,81.1,2025-08-09
STU-0387,Maya Kulkarni,2025 · Term 1,Business Analytics,4,6.5,0,41.565999999999995,47.8855,65.0635,86.12700000000001,84.688,71.00500000000001,80.6,2025-08-09
STU-0387,Maya Kulkarni,2025 · Term 2,Business Analytics,4,6.39,0,41.098,47.4565,64.79050000000001,85.581,84.06400000000001,70.61500000000001,80.1,2025-08-09
STU-0388,Dev Kulkarni,2024 · Term 1,Mechanical,4,7.87,0,68.90350000000001,47.469875,37.635375,94.17075,32.638000000000005,63.436249999999994,63.4,2025-08-02
STU-0388,Dev Kulkarni,2024 · Term 2,Mechanical,4,7.99,0,69.4345,47.956625,37.945125000000004,94.79025,33.346000000000004,63.87875,64,2025-08-02
STU-0388,Dev Kulkarni,2025 · Term 1,Mechanical,4,8.12,0,69.9655,48.443375,38.254875,95.40974999999999,34.054,64.32124999999999,64.6,2025-08-02
STU-0388,Dev Kulkarni,2025 · Term 2,Mechanical,4,8.24,0,70.4965,48.930125000000004,38.564625,96.02924999999999,34.762,64.76374999999999,65.2,2025-08-02
STU-0389,Sara Kulkarni,2024 · Term 1,Business Analytics,4,5.74,1,35.989,51.523250000000004,34.36025,90.3205,45.452,71.2575,69,2025-08-11
STU-0389,Sara Kulkarni,2024 · Term 2,Business Analytics,4,5.43,2,34.663,50.307750000000006,33.58675,88.7735,43.684,70.15249999999999,67.5,2025-08-11
STU-0389,Sara Kulkarni,2025 · Term 1,Business Analytics,4,5.12,0,33.337,49.09225,32.813250000000004,87.2265,41.916,69.0475,66.1,2025-08-11
STU-0389,Sara Kulkarni,2025 · Term 2,Business Analytics,4,4.81,1,32.011,47.87675,32.039750000000005,85.6795,40.147999999999996,67.9425,64.6,2025-08-11
STU-0390,Aditi Kulkarni,2024 · Term 1,Computer Science,4,8.7,0,91.728,85.18400000000001,74.508,73.21600000000001,46.704,85.64,68.5,2025-08-05
STU-0390,Aditi Kulkarni,2024 · Term 2,Computer Science,4,8.99,0,92.976,86.328,75.23599999999999,74.67200000000001,48.368,86.68,69.9,2025-08-05
STU-0390,Aditi Kulkarni,2025 · Term 1,Computer Science,4,9.28,0,94.22399999999999,87.47200000000001,75.964,76.128,50.032000000000004,87.72,71.3,2025-08-05
STU-0390,Aditi Kulkarni,2025 · Term 2,Computer Science,4,9.57,0,95.472,88.616,76.692,77.584,51.696000000000005,88.76,72.7,2025-08-05
STU-0391,Nikhil Kulkarni,2024 · Term 1,Civil Engineering,4,7.38,0,54.7425,93.055625,54.608125,59.91625,64.49000000000001,64.16875,62.9,2025-08-24
STU-0391,Nikhil Kulkarni,2024 · Term 2,Civil Engineering,4,7.41,0,54.8475,93.151875,54.669375,60.03875,64.63000000000001,64.25625,63,2025-08-24
STU-0391,Nikhil Kulkarni,2025 · Term 1,Civil Engineering,4,7.43,0,54.9525,93.248125,54.730625,60.16125,64.77,64.34375,63.1,2025-08-24
STU-0391,Nikhil Kulkarni,2025 · Term 2,Civil Engineering,4,7.45,0,55.0575,93.344375,54.791875000000005,60.283750000000005,64.91,64.43124999999999,63.2,2025-08-24
STU-0392,Naina Kulkarni,2024 · Term 1,Business Analytics,4,6.07,1,41.957,75.32725,46.30825,78.21650000000001,74.276,66.6975,73.1,2025-08-15
STU-0392,Naina Kulkarni,2024 · Term 2,Business Analytics,4,5.82,2,40.919,74.37575000000001,45.70275,77.00550000000001,72.892,65.83250000000001,71.9,2025-08-15
STU-0392,Naina Kulkarni,2025 · Term 1,Business Analytics,4,5.58,0,39.881,73.42425,45.097249999999995,75.7945,71.50800000000001,64.9675,70.8,2025-08-15
STU-0392,Naina Kulkarni,2025 · Term 2,Business Analytics,4,5.34,1,38.842999999999996,72.47275,44.491749999999996,74.5835,70.12400000000001,64.1025,69.6,2025-08-15
STU-0393,Diya Kulkarni,2024 · Term 1,Mechanical,4,8.2,0,67.2715,84.673875,54.383375,40.06675,53.662,68.27624999999999,54,2025-08-06
STU-0393,Diya Kulkarni,2024 · Term 2,Mechanical,4,8.39,1,68.0905,85.42462499999999,54.861125,41.02225,54.754,68.95875,54.9,2025-08-06
STU-0393,Diya Kulkarni,2025 · Term 1,Mechanical,4,8.58,0,68.9095,86.175375,55.338875,41.97775,55.846,69.64125,55.8,2025-08-06
STU-0393,Diya Kulkarni,2025 · Term 2,Mechanical,4,8.78,0,69.7285,86.926125,55.816625,42.93325,56.937999999999995,70.32375,56.7,2025-08-06
STU-0394,Vihaan Kulkarni,2024 · Term 1,Electronics,4,6.89,0,49.885999999999996,67.1455,92.8835,67.36699999999999,50.448,36.405,51.4,2025-08-25
STU-0394,Vihaan Kulkarni,2024 · Term 2,Electronics,4,6.81,0,49.562,66.8485,92.69449999999999,66.98899999999999,50.016,36.135,51,2025-08-25
STU-0394,Vihaan Kulkarni,2025 · Term 1,Electronics,4,6.74,0,49.238,66.5515,92.5055,66.611,49.583999999999996,35.865,50.7,2025-08-25
STU-0394,Vihaan Kulkarni,2025 · Term 2,Electronics,4,6.66,0,48.914,66.25450000000001,92.31649999999999,66.233,49.151999999999994,35.595,50.3,2025-08-25
STU-0395,Akash Kulkarni,2024 · Term 1,Information Technology,4,9.02,0,82.8005,72.69212499999999,41.558625,33.81725,88.434,95.38374999999999,72.5,2025-08-16
STU-0395,Akash Kulkarni,2024 · Term 2,Information Technology,4,9.38,0,84.3335,74.097375,42.452875,35.60575,90.478,96.66125,74.2,2025-08-16
STU-0395,Akash Kulkarni,2025 · Term 1,Information Technology,4,9.74,0,85.86649999999999,75.502625,43.347125,37.39425,92.522,97.93875,76,2025-08-16
STU-0395,Akash Kulkarni,2025 · Term 2,Information Technology,4,10,0,87.39949999999999,76.907875,44.241375,39.18275,94.566,99.21625,77.7,2025-08-16
STU-0396,Neha Kulkarni,2024 · Term 1,Computer Science,4,7.71,0,81.415,78.16375000000001,44.85875,45.917500000000004,93.82,64.7125,68.2,2025-08-07
STU-0396,Neha Kulkarni,2024 · Term 2,Computer Science,4,7.8,0,81.805,78.52125000000001,45.08625,46.3725,94.33999999999999,65.03750000000001,68.6,2025-08-07
STU-0396,Neha Kulkarni,2025 · Term 1,Computer Science,4,7.89,0,82.195,78.87875,45.313750000000006,46.8275,94.86,65.3625,69,2025-08-07
STU-0396,Neha Kulkarni,2025 · Term 2,Computer Science,4,7.98,0,82.585,79.23625,45.541250000000005,47.2825,95.38,65.6875,69.5,2025-08-07
STU-0397,Reyansh Kulkarni,2024 · Term 1,Civil Engineering,4,6.39,0,60.2295,53.635375,73.75887499999999,82.81775,73.206,92.64125,82.9,2025-08-26
STU-0397,Reyansh Kulkarni,2024 · Term 2,Civil Engineering,4,6.22,0,59.4765,52.945125000000004,73.31962499999999,81.93925,72.202,92.01375,82.1,2025-08-26
STU-0397,Reyansh Kulkarni,2025 · Term 1,Civil Engineering,4,6.04,1,58.7235,52.254875,72.880375,81.06075,71.19800000000001,91.38625,81.2,2025-08-26
STU-0397,Reyansh Kulkarni,2025 · Term 2,Civil Engineering,4,5.87,2,57.9705,51.564625,72.441125,80.18225,70.194,90.75875,80.4,2025-08-26
STU-0398,Ishaan Kulkarni,2024 · Term 1,Business Analytics,4,8.53,0,89.544,41.582,77.634,74.868,91.392,78.62,81.6,2025-08-17
STU-0398,Ishaan Kulkarni,2024 · Term 2,Business Analytics,4,8.79,0,90.648,42.594,78.27799999999999,76.15599999999999,92.86399999999999,79.54,82.9,2025-08-17
STU-0398,Ishaan Kulkarni,2025 · Term 1,Business Analytics,4,9.04,0,91.75200000000001,43.606,78.922,77.444,94.336,80.46,84.1,2025-08-17
STU-0398,Ishaan Kulkarni,2025 · Term 2,Business Analytics,4,9.3,1,92.85600000000001,44.618,79.56599999999999,78.732,95.80799999999999,81.38,85.3,2025-08-17
STU-0399,Zoya Kulkarni,2024 · Term 1,Mechanical,4,7.22,0,90.7585,54.653625,77.134125,66.76825000000001,61.978,85.54875,71.4,2025-08-08
STU-0399,Zoya Kulkarni,2024 · Term 2,Mechanical,4,7.21,0,90.7195,54.617875,77.111375,66.72275,61.926,85.51625,71.4,2025-08-08
STU-0399,Zoya Kulkarni,2025 · Term 1,Mechanical,4,7.2,0,90.68050000000001,54.582125000000005,77.088625,66.67725,61.873999999999995,85.48375,71.3,2025-08-08
STU-0399,Zoya Kulkarni,2025 · Term 2,Mechanical,4,7.19,0,90.64150000000001,54.546375000000005,77.06587499999999,66.63175,61.821999999999996,85.45125,71.3,2025-08-08
STU-0400,Amara Kulkarni,2024 · Term 1,Business Analytics,4,8.96,0,45.986000000000004,94.2705,82.3085,60.417,36.248000000000005,77.555,58.1,2025-08-17
STU-0400,Amara Kulkarni,2024 · Term 2,Business Analytics,4,9.3,0,47.462,95.62349999999999,83.1695,62.139,38.216,78.78500000000001,59.7,2025-08-17
STU-0400,Amara Kulkarni,2025 · Term 1,Business Analytics,4,9.65,0,48.938,96.9765,84.03049999999999,63.861,40.184000000000005,80.015,61.4,2025-08-17
STU-0400,Amara Kulkarni,2025 · Term 2,Business Analytics,4,9.99,0,50.414,98.3295,84.8915,65.583,42.152,81.245,63,2025-08-17
STU-0401,Pranav Kulkarni,2024 · Term 1,Mechanical,4,7.64,1,50.600500000000004,40.342124999999996,81.80862499999999,52.31725,73.834,87.88374999999999,71.3,2025-08-08
STU-0401,Pranav Kulkarni,2024 · Term 2,Mechanical,4,7.72,0,50.9335,40.647375,82.00287499999999,52.70575,74.278,88.16125,71.7,2025-08-08
STU-0401,Pranav Kulkarni,2025 · Term 1,Mechanical,4,7.8,0,51.2665,40.952625,82.197125,53.094249999999995,74.722,88.43875,72.1,2025-08-08
STU-0401,Pranav Kulkarni,2025 · Term 2,Mechanical,4,7.88,0,51.5995,41.257875,82.391375,53.482749999999996,75.166,88.71625,72.5,2025-08-08
STU-0402,Tanish Kulkarni,2024 · Term 1,Electronics,4,6.33,0,33.415000000000006,45.61375,39.10875,48.217499999999994,97.82000000000001,67.41250000000001,71.1,2025-08-27
STU-0402,Tanish Kulkarni,2024 · Term 2,Electronics,4,6.14,0,32.605000000000004,44.87125,38.63625,47.272499999999994,96.74000000000001,66.73750000000001,70.3,2025-08-27
STU-0402,Tanish Kulkarni,2025 · Term 1,Electronics,4,5.95,1,31.795,44.12875,38.16375,46.3275,95.66,66.0625,69.4,2025-08-27
STU-0402,Tanish Kulkarni,2025 · Term 2,Electronics,4,5.76,2,30.985000000000003,43.38625,37.69125,45.3825,94.58,65.3875,68.5,2025-08-27
STU-0403,Kavya Kulkarni,2024 · Term 1,Information Technology,4,8.46,0,82.5295,85.960375,47.983875,51.86775,76.406,81.19125,69.8,2025-08-18
STU-0403,Kavya Kulkarni,2024 · Term 2,Information Technology,4,8.71,0,83.5765,86.920125,48.594625,53.08925,77.802,82.06375,71,2025-08-18
STU-0403,Kavya Kulkarni,2025 · Term 1,Information Technology,4,8.95,0,84.62349999999999,87.87987500000001,49.205375,54.310750000000006,79.198,82.93625,72.1,2025-08-18
STU-0403,Kavya Kulkarni,2025 · Term 2,Information Technology,4,9.2,0,85.67049999999999,88.83962500000001,49.816125,55.532250000000005,80.594,83.80875,73.3,2025-08-18
STU-0404,Aditya Kulkarni,2024 · Term 1,Electronics,4,7.32,0,43.727999999999994,32.034,95.958,70.116,80.50399999999999,93.14,81.3,2025-08-25
STU-0404,Aditya Kulkarni,2024 · Term 2,Electronics,4,7.33,0,43.775999999999996,32.078,95.986,70.172,80.568,93.18,81.3,2025-08-25
STU-0404,Aditya Kulkarni,2025 · Term 1,Electronics,4,7.34,0,43.824,32.122,96.014,70.22800000000001,80.63199999999999,93.22,81.4,2025-08-25
STU-0404,Aditya Kulkarni,2025 · Term 2,Electronics,4,7.35,0,43.872,32.166000000000004,96.042,70.284,80.696,93.26,81.4,2025-08-25
STU-0405,Ananya Kulkarni,2024 · Term 1,Information Technology,4,6,1,96.9425,48.505625,93.658125,91.61625000000001,76.89,40.26875,69.6,2025-08-16
STU-0405,Ananya Kulkarni,2024 · Term 2,Information Technology,4,5.75,2,95.8475,47.501875,93.019375,90.33875,75.43,39.356249999999996,68.4,2025-08-16
STU-0405,Ananya Kulkarni,2025 · Term 1,Information Technology,4,5.49,0,94.7525,46.498125,92.38062500000001,89.06125,73.97,38.44375,67.2,2025-08-16
STU-0405,Ananya Kulkarni,2025 · Term 2,Information Technology,4,5.23,1,93.6575,45.494375,91.74187500000001,87.78375,72.51,37.53125,65.9,2025-08-16
STU-0406,Rhea Kulkarni,2024 · Term 1,Computer Science,4,8.14,0,55.457,46.65225,77.33325,54.466499999999996,83.476,31.447499999999998,56.5,2025-08-07
STU-0406,Rhea Kulkarni,2024 · Term 2,Computer Science,4,8.31,0,56.219,47.350750000000005,77.77775,55.3555,84.492,32.082499999999996,57.3,2025-08-07
STU-0406,Rhea Kulkarni,2025 · Term 1,Computer Science,4,8.49,0,56.981,48.04925,78.22225,56.244499999999995,85.508,32.7175,58.2,2025-08-07
STU-0406,Rhea Kulkarni,2025 · Term 2,Computer Science,4,8.67,0,57.743,48.74775,78.66675,57.1335,86.524,33.3525,59,2025-08-07
STU-0407,Tara Kulkarni,2024 · Term 1,Civil Engineering,4,6.82,0,82.4715,93.323875,81.23337500000001,96.76674999999999,87.262,48.37625,77.5,2025-08-26
STU-0407,Tara Kulkarni,2024 · Term 2,Civil Engineering,4,6.73,0,82.0905,92.974625,81.011125,96.32225,86.754,48.058749999999996,77,2025-08-26
STU-0407,Tara Kulkarni,2025 · Term 1,Civil Engineering,4,6.64,0,81.7095,92.62537499999999,80.788875,95.87774999999999,86.246,47.74125,76.6,2025-08-26
STU-0407,Tara Kulkarni,2025 · Term 2,Civil Engineering,4,6.56,1,81.3285,92.276125,80.566625,95.43325,85.738,47.42375,76.2,2025-08-26
STU-0408,Kabir Kulkarni,2024 · Term 1,Electronics,4,8.79,0,52.002,67.8685,76.03450000000001,59.269,62.536,84.93499999999999,68.9,2025-08-01
STU-0408,Kabir Kulkarni,2024 · Term 2,Electronics,4,9.1,0,53.334,69.0895,76.81150000000001,60.823,64.312,86.04499999999999,70.4,2025-08-01
STU-0408,Kabir Kulkarni,2025 · Term 1,Electronics,4,9.41,0,54.666,70.3105,77.5885,62.377,66.08800000000001,87.155,71.9,2025-08-01
STU-0408,Kabir Kulkarni,2025 · Term 2,Electronics,4,9.72,0,55.998,71.53150000000001,78.3655,63.931000000000004,67.864,88.265,73.4,2025-08-01
STU-0409,Esha Kulkarni,2024 · Term 1,Information Technology,4,7.48,0,78.6165,79.14012500000001,56.134625,45.969249999999995,76.922,66.86375,63.3,2025-08-20
STU-0409,Esha Kulkarni,2024 · Term 2,Information Technology,4,7.52,0,78.80550000000001,79.31337500000001,56.244875,46.18975,77.17399999999999,67.02125,63.5,2025-08-20
STU-0409,Esha Kulkarni,2025 · Term 1,Information Technology,4,7.57,0,78.9945,79.486625,56.355124999999994,46.41025,77.426,67.17875,63.7,2025-08-20
STU-0409,Esha Kulkarni,2025 · Term 2,Information Technology,4,7.61,0,79.18350000000001,79.659875,56.465374999999995,46.63075,77.678,67.33624999999999,63.9,2025-08-20
STU-0410,Arjun Kulkarni,2024 · Term 1,Mechanical,4,8.3,0,63.545500000000004,90.958375,63.509874999999994,30.719749999999998,77.494,33.771249999999995,47.3,2025-08-02
STU-0410,Arjun Kulkarni,2024 · Term 2,Mechanical,4,8.51,0,64.44850000000001,91.786125,64.036625,31.773249999999997,78.698,34.52375,48.3,2025-08-02
STU-0410,Arjun Kulkarni,2025 · Term 1,Mechanical,4,8.72,0,65.3515,92.61387500000001,64.563375,32.82675,79.902,35.27625,49.3,2025-08-02
STU-0410,Arjun Kulkarni,2025 · Term 2,Mechanical,4,8.93,0,66.25450000000001,93.441625,65.090125,33.88025,81.106,36.02875,50.3,2025-08-02
STU-0411,Rohan Kulkarni,2024 · Term 1,Business Analytics,4,6.16,1,51.830999999999996,71.61175,41.63475,86.0695,83.308,88.99249999999999,86.1,2025-08-11
STU-0411,Rohan Kulkarni,2024 · Term 2,Business Analytics,4,5.94,2,50.876999999999995,70.73725,41.07825,84.9565,82.036,88.19749999999999,85.1,2025-08-11
STU-0411,Rohan Kulkarni,2025 · Term 1,Business Analytics,4,5.72,0,49.923,69.86274999999999,40.52175,83.8435,80.76400000000001,87.4025,84,2025-08-11
STU-0411,Rohan Kulkarni,2025 · Term 2,Business Analytics,4,5.5,1,48.969,68.98825,39.96525,82.7305,79.492,86.6075,82.9,2025-08-11
STU-0412,Yash Kulkarni,2024 · Term 1,Civil Engineering,4,7.48,0,68.4165,85.94012500000001,67.73462500000001,88.56925000000001,65.722,76.86375,77.1,2025-08-20
STU-0412,Yash Kulkarni,2024 · Term 2,Civil Engineering,4,7.52,0,68.6055,86.113375,67.844875,88.78975000000001,65.97399999999999,77.02125,77.3,2025-08-20
STU-0412,Yash Kulkarni,2025 · Term 1,Civil Engineering,4,7.57,0,68.7945,86.286625,67.95512500000001,89.01025,66.226,77.17875,77.5,2025-08-20
STU-0412,Yash Kulkarni,2025 · Term 2,Civil Engineering,4,7.61,0,68.9835,86.459875,68.065375,89.23075,66.478,77.33624999999999,77.7,2025-08-20
STU-0413,Meera Kulkarni,2024 · Term 1,Computer Science,4,8.79,1,94.002,53.2685,77.23450000000001,77.069,63.93599999999999,79.13499999999999,73.4,2025-08-01
STU-0413,Meera Kulkarni,2024 · Term 2,Computer Science,4,9.1,0,95.334,54.4895,78.01150000000001,78.623,65.71199999999999,80.24499999999999,74.9,2025-08-01
STU-0413,Meera Kulkarni,2025 · Term 1,Computer Science,4,9.41,0,96.666,55.7105,78.7885,80.177,67.488,81.355,76.3,2025-08-01
STU-0413,Meera Kulkarni,2025 · Term 2,Computer Science,4,9.72,0,97.998,56.9315,79.5655,81.73100000000001,69.264,82.465,77.8,2025-08-01
STU-0414,Kiran Kulkarni,2024 · Term 1,Information Technology,4,6.66,0,63.6875,50.921875,96.359375,86.81875000000001,98.14999999999999,68.15625,84.4,2025-08-10
STU-0414,Kiran Kulkarni,2024 · Term 2,Information Technology,4,6.53,0,63.1625,50.440625000000004,96.05312500000001,86.20625000000001,97.44999999999999,67.71875,83.8,2025-08-10
STU-0414,Kiran Kulkarni,2025 · Term 1,Information Technology,4,6.41,0,62.637499999999996,49.959375,95.746875,85.59375,96.75,67.28125,83.2,2025-08-10
STU-0414,Kiran Kulkarni,2025 · Term 2,Information Technology,4,6.29,0,62.1125,49.478125000000006,95.44062500000001,84.98125,96.05,66.84375,82.6,2025-08-10
STU-0415,Avani Kulkarni,2024 · Term 1,Electronics,4,7.97,0,46.073,66.65025,70.05924999999999,91.9185,29.764,82.8275,68.2,2025-08-19
STU-0415,Avani Kulkarni,2024 · Term 2,Electronics,4,8.11,0,46.691,67.21675,70.41975,92.6395,30.588,83.3425,68.9,2025-08-19
STU-0415,Avani Kulkarni,2025 · Term 1,Electronics,4,8.26,0,47.309,67.78325,70.78025,93.3605,31.412,83.85749999999999,69.5,2025-08-19
STU-0415,Avani Kulkarni,2025 · Term 2,Electronics,4,8.4,1,47.927,68.34975,71.14075,94.0815,32.236,84.37249999999999,70.2,2025-08-19
STU-0416,Saanvi Kulkarni,2024 · Term 1,Mechanical,4,5.84,0,45.5585,57.303625000000004,46.784125,47.66825,53.778,32.64875,44.7,2025-08-28
STU-0416,Saanvi Kulkarni,2024 · Term 2,Mechanical,4,5.55,1,44.319500000000005,56.167875,46.061375000000005,46.22275,52.126,31.61625,43.3,2025-08-28
STU-0416,Saanvi Kulkarni,2025 · Term 1,Mechanical,4,5.26,2,43.0805,55.032125,45.338625,44.77725,50.474,30.583750000000002,41.9,2025-08-28
STU-0416,Saanvi Kulkarni,2025 · Term 2,Mechanical,4,4.97,0,41.8415,53.896375,44.615875,43.33175,48.821999999999996,29.551250000000003,40.6,2025-08-28
STU-0417,Aarav Bhat,2024 · Term 1,Business Analytics,4,7.15,0,90.744,93.232,80.084,37.768,47.792,78.92,54.8,2025-08-09
STU-0417,Aarav Bhat,2024 · Term 2,Business Analytics,4,7.13,0,90.648,93.14399999999999,80.028,37.656,47.664,78.84,54.7,2025-08-09
STU-0417,Aarav Bhat,2025 · Term 1,Business Analytics,4,7.1,0,90.55199999999999,93.056,79.972,37.544000000000004,47.536,78.75999999999999,54.6,2025-08-09
STU-0417,Aarav Bhat,2025 · Term 2,Business Analytics,4,7.08,0,90.45599999999999,92.96799999999999,79.916,37.432,47.408,78.67999999999999,54.5,2025-08-09
STU-0418,Mira Bhat,2024 · Term 1,Information Technology,4,8.13,0,32.7615,53.556375,55.035875000000004,32.371750000000006,57.582,54.55125,48.2,2025-08-14
STU-0418,Mira Bhat,2024 · Term 2,Information Technology,4,8.31,0,33.5205,54.252125,55.478625,33.257250000000006,58.594,55.18375,49,2025-08-14
STU-0418,Mira Bhat,2025 · Term 1,Information Technology,4,8.49,0,34.2795,54.947875,55.921375000000005,34.14275,59.606,55.81625,49.9,2025-08-14
STU-0418,Mira Bhat,2025 · Term 2,Information Technology,4,8.66,0,35.0385,55.643625,56.364125,35.02825,60.618,56.44875,50.7,2025-08-14
STU-0419,Maya Bhat,2024 · Term 1,Electronics,4,6,2,37.847,71.40975,52.360749999999996,37.121500000000005,83.79599999999999,78.3725,66.4,2025-08-23
STU-0419,Maya Bhat,2024 · Term 2,Electronics,4,5.74,0,36.749,70.40325,51.72025,35.840500000000006,82.332,77.4575,65.2,2025-08-23
STU-0419,Maya Bhat,2025 · Term 1,Electronics,4,5.48,1,35.651,69.39675000000001,51.07975,34.5595,80.868,76.5425,64,2025-08-23
STU-0419,Maya Bhat,2025 · Term 2,Electronics,4,5.23,2,34.553000000000004,68.39025000000001,50.43925,33.2785,79.404,75.6275,62.8,2025-08-23
STU-0420,Dev Bhat,2024 · Term 1,Electronics,4,7.64,0,48.105000000000004,89.24625,85.71125,77.0225,45.540000000000006,43.387499999999996,55.3,2025-08-15
STU-0420,Dev Bhat,2024 · Term 2,Electronics,4,7.72,0,48.435,89.54875,85.90375,77.4075,45.980000000000004,43.662499999999994,55.7,2025-08-15
STU-0420,Dev Bhat,2025 · Term 1,Electronics,4,7.79,0,48.765,89.85125000000001,86.09625,77.79249999999999,46.42,43.9375,56,2025-08-15
STU-0420,Dev Bhat,2025 · Term 2,Electronics,4,7.87,0,49.095,90.15375,86.28875,78.1775,46.86,44.2125,56.4,2025-08-15
STU-0421,Sara Bhat,2024 · Term 1,Information Technology,4,6.33,0,36.7195,53.717875,67.411375,81.32275,48.726,76.51625,68.9,2025-08-06
STU-0421,Sara Bhat,2024 · Term 2,Information Technology,4,6.14,2,35.9065,52.972625,66.93712500000001,80.37425,47.642,75.83875,68,2025-08-06
STU-0421,Sara Bhat,2025 · Term 1,Information Technology,4,5.95,0,35.0935,52.227375,66.462875,79.42575000000001,46.558,75.16125,67,2025-08-06
STU-0421,Sara Bhat,2025 · Term 2,Information Technology,4,5.76,1,34.2805,51.482125,65.988625,78.47725000000001,45.474000000000004,74.48375,66.1,2025-08-06
STU-0422,Aditi Bhat,2024 · Term 1,Business Analytics,4,6.82,0,50.176,81.22800000000001,61.135999999999996,68.672,56.768,48.279999999999994,57.9,2025-08-05
STU-0422,Aditi Bhat,2024 · Term 2,Business Analytics,4,6.73,0,49.792,80.876,60.912,68.224,56.256,47.959999999999994,57.5,2025-08-05
STU-0422,Aditi Bhat,2025 · Term 1,Business Analytics,4,6.64,1,49.408,80.524,60.687999999999995,67.776,55.744,47.64,57.1,2025-08-05
STU-0422,Aditi Bhat,2025 · Term 2,Business Analytics,4,6.55,0,49.024,80.172,60.464,67.328,55.232,47.32,56.6,2025-08-05
STU-0423,Nikhil Bhat,2024 · Term 1,Mechanical,4,8.95,0,94.6905,39.974625,41.611125,73.32225000000001,50.354,93.65875,72.4,2025-08-24
STU-0423,Nikhil Bhat,2024 · Term 2,Mechanical,4,9.3,0,96.1635,41.324875,42.470375,75.04075,52.318,94.88625,74.1,2025-08-24
STU-0423,Nikhil Bhat,2025 · Term 1,Mechanical,4,9.64,0,97.63650000000001,42.675125,43.329625,76.75925000000001,54.282,96.11375,75.7,2025-08-24
STU-0423,Nikhil Bhat,2025 · Term 2,Mechanical,4,9.99,0,99.10950000000001,44.025375,44.188874999999996,78.47775,56.245999999999995,97.34125,77.4,2025-08-24
STU-0424,Naina Bhat,2024 · Term 1,Business Analytics,4,5.83,1,37.863,57.007749999999994,46.286750000000005,92.3735,60.684000000000005,54.3525,69.1,2025-08-07
STU-0424,Naina Bhat,2024 · Term 2,Business Analytics,4,5.54,2,36.621,55.869249999999994,45.562250000000006,90.92450000000001,59.028000000000006,53.317499999999995,67.8,2025-08-07
STU-0424,Naina Bhat,2025 · Term 1,Business Analytics,4,5.25,0,35.379,54.73075,44.83775,89.4755,57.372,52.2825,66.4,2025-08-07
STU-0424,Naina Bhat,2025 · Term 2,Business Analytics,4,4.96,1,34.137,53.59225,44.11325,88.0265,55.716,51.247499999999995,65,2025-08-07
STU-0425,Diya Bhat,2024 · Term 1,Mechanical,4,7.97,0,70.7775,52.954375,46.161875,96.22375,47.870000000000005,46.53125,63.5,2025-08-26
STU-0425,Diya Bhat,2024 · Term 2,Mechanical,4,8.11,1,71.3925,53.518125,46.520625,96.94125,48.69,47.043749999999996,64.2,2025-08-26
STU-0425,Diya Bhat,2025 · Term 1,Mechanical,4,8.25,0,72.00750000000001,54.081875,46.879375,97.65875,49.510000000000005,47.55625,64.9,2025-08-26
STU-0425,Diya Bhat,2025 · Term 2,Mechanical,4,8.4,0,72.6225,54.645624999999995,47.238125000000004,98.37625,50.33,48.068749999999994,65.6,2025-08-26
STU-0426,Vihaan Bhat,2024 · Term 1,Computer Science,4,8.46,0,35.034,61.264500000000005,75.6865,73.373,53.312,82.89500000000001,69.9,2025-08-25
STU-0426,Vihaan Bhat,2024 · Term 2,Computer Science,4,8.7,0,36.078,62.221500000000006,76.29549999999999,74.59100000000001,54.704,83.765,71,2025-08-25
STU-0426,Vihaan Bhat,2025 · Term 1,Computer Science,4,8.95,0,37.122,63.1785,76.9045,75.809,56.096,84.635,72.2,2025-08-25
STU-0426,Vihaan Bhat,2025 · Term 2,Computer Science,4,9.19,0,38.166000000000004,64.13550000000001,77.5135,77.027,57.488,85.505,73.3,2025-08-25
STU-0427,Akash Bhat,2024 · Term 1,Civil Engineering,4,7.15,0,42.8485,72.736125,60.786625,39.07325,54.498,38.42375,44,2025-08-16
STU-0427,Akash Bhat,2024 · Term 2,Civil Engineering,4,7.12,0,42.749500000000005,72.645375,60.728875,38.95775,54.366,38.341249999999995,43.9,2025-08-16
STU-0427,Akash Bhat,2025 · Term 1,Civil Engineering,4,7.1,0,42.6505,72.55462499999999,60.671125,38.84225,54.233999999999995,38.25875,43.8,2025-08-16
STU-0427,Akash Bhat,2025 · Term 2,Civil Engineering,4,7.08,0,42.551500000000004,72.46387499999999,60.613375000000005,38.726749999999996,54.102,38.176249999999996,43.7,2025-08-16
STU-0428,Neha Bhat,2024 · Term 1,Business Analytics,4,7.81,0,72.489,50.24825,88.18525,70.3705,86.052,71.6075,76,2025-08-03
STU-0428,Neha Bhat,2024 · Term 2,Business Analytics,4,7.92,0,72.96300000000001,50.68275,88.46175,70.9235,86.684,72.0025,76.5,2025-08-03
STU-0428,Neha Bhat,2025 · Term 1,Business Analytics,4,8.03,0,73.437,51.11725,88.73825,71.4765,87.316,72.39750000000001,77.1,2025-08-03
STU-0428,Neha Bhat,2025 · Term 2,Business Analytics,4,8.14,0,73.911,51.55175,89.01474999999999,72.0295,87.948,72.7925,77.6,2025-08-03
STU-0429,Reyansh Bhat,2024 · Term 1,Mechanical,4,6.49,1,77.3035,36.319874999999996,80.085375,69.87075,83.63799999999999,65.73625000000001,73.1,2025-08-22
STU-0429,Reyansh Bhat,2024 · Term 2,Mechanical,4,6.33,0,76.6345,35.706624999999995,79.695125,69.09025,82.746,65.17875000000001,72.3,2025-08-22
STU-0429,Reyansh Bhat,2025 · Term 1,Mechanical,4,6.18,2,75.96549999999999,35.093375,79.304875,68.30975000000001,81.854,64.62125,71.6,2025-08-22
STU-0429,Reyansh Bhat,2025 · Term 2,Mechanical,4,6.02,0,75.2965,34.480125,78.914625,67.52925,80.962,64.06375,70.9,2025-08-22
STU-0430,Ishaan Bhat,2024 · Term 1,Information Technology,4,6.98,0,77.4645,35.534125,80.912625,89.12525000000001,89.186,97.00375,91.8,2025-08-28
STU-0430,Ishaan Bhat,2024 · Term 2,Information Technology,4,6.92,0,77.22149999999999,35.311375000000005,80.770875,88.84175,88.86200000000001,96.80125,91.5,2025-08-28
STU-0430,Ishaan Bhat,2025 · Term 1,Information Technology,4,6.87,0,76.9785,35.088625,80.629125,88.55825,88.538,96.59875000000001,91.2,2025-08-28
STU-0430,Ishaan Bhat,2025 · Term 2,Information Technology,4,6.81,0,76.73549999999999,34.865875,80.487375,88.27475,88.214,96.39625000000001,91,2025-08-28
STU-0431,Zoya Bhat,2024 · Term 1,Electronics,4,8.29,0,89.65,86.0625,47.2125,82.625,41.6,72.075,65.4,2025-08-09
STU-0431,Zoya Bhat,2024 · Term 2,Electronics,4,8.5,0,90.55,86.8875,47.7375,83.675,42.8,72.825,66.4,2025-08-09
STU-0431,Zoya Bhat,2025 · Term 1,Electronics,4,8.71,0,91.45,87.71249999999999,48.2625,84.72500000000001,44,73.575,67.4,2025-08-09
STU-0431,Zoya Bhat,2025 · Term 2,Electronics,4,8.92,0,92.35,88.5375,48.7875,85.775,45.199999999999996,74.325,68.4,2025-08-09
STU-0432,Amara Bhat,2024 · Term 1,Civil Engineering,4,7.8,0,85.1935,90.95237499999999,41.887874999999994,74.07575,78.958,38.111250000000005,63.7,2025-08-10
STU-0432,Amara Bhat,2024 · Term 2,Civil Engineering,4,7.91,0,85.6645,91.384125,42.162625,74.62525000000001,79.58600000000001,38.503750000000004,64.2,2025-08-10
STU-0432,Amara Bhat,2025 · Term 1,Civil Engineering,4,8.02,0,86.13550000000001,91.81587499999999,42.437374999999996,75.17475,80.214,38.89625,64.8,2025-08-10
STU-0432,Amara Bhat,2025 · Term 2,Civil Engineering,4,8.13,0,86.60650000000001,92.247625,42.712125,75.72425000000001,80.84200000000001,39.28875,65.3,2025-08-10
STU-0433,Pranav Bhat,2024 · Term 1,Computer Science,4,5.67,0,69.279,81.60575,95.21275,44.0255,47.372,78.5325,56.6,2025-08-19
STU-0433,Pranav Bhat,2024 · Term 2,Computer Science,4,5.34,1,67.893,80.33525,94.40425,42.408500000000004,45.524,77.3775,55.1,2025-08-19
STU-0433,Pranav Bhat,2025 · Term 1,Computer Science,4,5.02,2,66.507,79.06475,93.59575,40.7915,43.676,76.2225,53.6,2025-08-19
STU-0433,Pranav Bhat,2025 · Term 2,Computer Science,4,4.7,0,65.12100000000001,77.79425,92.78725,39.1745,41.828,75.0675,52,2025-08-19
STU-0434,Tanish Bhat,2024 · Term 1,Civil Engineering,4,8.79,0,53.3065,63.972624999999994,94.337125,62.774249999999995,81.642,70.63875,71.7,2025-08-08
STU-0434,Tanish Bhat,2024 · Term 2,Civil Engineering,4,9.1,0,54.6355,65.19087499999999,95.112375,64.32475,83.414,71.74625,73.2,2025-08-08
STU-0434,Tanish Bhat,2025 · Term 1,Civil Engineering,4,9.41,0,55.964499999999994,66.409125,95.887625,65.87525,85.18599999999999,72.85374999999999,74.6,2025-08-08
STU-0434,Tanish Bhat,2025 · Term 2,Civil Engineering,4,9.72,0,57.293499999999995,67.627375,96.662875,67.42575,86.958,73.96124999999999,76.1,2025-08-08
STU-0435,Kavya Bhat,2024 · Term 1,Computer Science,4,6.65,0,88.792,32.026,80.662,71.12400000000001,36.855999999999995,66.66,58.2,2025-08-17
STU-0435,Kavya Bhat,2024 · Term 2,Computer Science,4,6.53,0,88.264,31.542,80.354,70.50800000000001,36.151999999999994,66.22,57.6,2025-08-17
STU-0435,Kavya Bhat,2025 · Term 1,Computer Science,4,6.41,0,87.736,31.058,80.046,69.892,35.448,65.78,57,2025-08-17
STU-0435,Kavya Bhat,2025 · Term 2,Computer Science,4,6.28,0,87.208,30.574,79.738,69.276,34.744,65.34,56.5,2025-08-17
STU-0436,Aditya Bhat,2024 · Term 1,Mechanical,4,6.16,0,50.1355,65.71587500000001,51.937375,86.57475000000001,65.214,80.49625,77.4,2025-08-18
STU-0436,Aditya Bhat,2024 · Term 2,Mechanical,4,5.94,1,49.1785,64.83862500000001,51.379125,85.45825,63.937999999999995,79.69875,76.4,2025-08-18
STU-0436,Aditya Bhat,2025 · Term 1,Mechanical,4,5.71,2,48.221500000000006,63.961375000000004,50.820875,84.34175,62.662,78.90124999999999,75.3,2025-08-18
STU-0436,Aditya Bhat,2025 · Term 2,Mechanical,4,5.49,0,47.264500000000005,63.08412500000001,50.262625,83.22525,61.385999999999996,78.10374999999999,74.2,2025-08-18
STU-0437,Ananya Bhat,2024 · Term 1,Business Analytics,4,7.47,0,86.921,90.84424999999999,69.23725,53.6745,36.428,84.9675,58.4,2025-08-27
STU-0437,Ananya Bhat,2024 · Term 2,Business Analytics,4,7.52,0,87.107,91.01474999999999,69.34575000000001,53.8915,36.675999999999995,85.1225,58.6,2025-08-27
STU-0437,Ananya Bhat,2025 · Term 1,Business Analytics,4,7.56,0,87.293,91.18525,69.45425,54.1085,36.924,85.2775,58.8,2025-08-27
STU-0437,Ananya Bhat,2025 · Term 2,Business Analytics,4,7.6,0,87.479,91.35575,69.56275000000001,54.3255,37.172,85.4325,59,2025-08-27
STU-0438,Rhea Bhat,2024 · Term 1,Mechanical,4,7.15,0,82.24849999999999,86.53612500000001,73.586625,90.27324999999999,84.29799999999999,40.823750000000004,71.8,2025-08-16
STU-0438,Rhea Bhat,2024 · Term 2,Mechanical,4,7.12,0,82.14949999999999,86.44537500000001,73.528875,90.15775,84.166,40.74125,71.7,2025-08-16
STU-0438,Rhea Bhat,2025 · Term 1,Mechanical,4,7.1,0,82.0505,86.354625,73.471125,90.04225,84.03399999999999,40.658750000000005,71.6,2025-08-16
STU-0438,Rhea Bhat,2025 · Term 2,Mechanical,4,7.08,0,81.9515,86.263875,73.413375,89.92675,83.902,40.57625,71.5,2025-08-16
STU-0439,Tara Bhat,2024 · Term 1,Business Analytics,4,8.46,0,87.434,89.2645,36.4865,34.773,92.512,86.89500000000001,71.4,2025-08-25
STU-0439,Tara Bhat,2024 · Term 2,Business Analytics,4,8.7,0,88.478,90.2215,37.0955,35.991,93.904,87.765,72.6,2025-08-25
STU-0439,Tara Bhat,2025 · Term 1,Business Analytics,4,8.95,0,89.522,91.1785,37.704499999999996,37.209,95.29599999999999,88.635,73.7,2025-08-25
STU-0439,Tara Bhat,2025 · Term 2,Business Analytics,4,9.19,0,90.566,92.13550000000001,38.3135,38.427,96.68799999999999,89.505,74.9,2025-08-25
STU-0440,Kabir Bhat,2024 · Term 1,Electronics,4,6.9,0,50.668,85.729,45.073,57.746,33.824000000000005,63.19,51.6,2025-08-25
STU-0440,Kabir Bhat,2024 · Term 2,Electronics,4,6.83,0,50.356,85.443,44.891,57.382000000000005,33.408,62.93,51.2,2025-08-25
STU-0440,Kabir Bhat,2025 · Term 1,Electronics,4,6.76,0,50.044000000000004,85.157,44.708999999999996,57.018,32.992000000000004,62.669999999999995,50.9,2025-08-25
STU-0440,Kabir Bhat,2025 · Term 2,Electronics,4,6.68,0,49.732000000000006,84.871,44.526999999999994,56.654,32.576,62.41,50.5,2025-08-25
STU-0441,Esha Bhat,2024 · Term 1,Information Technology,4,9.04,0,85.58250000000001,47.275625,58.748125,49.39625,82.00999999999999,70.56875,67.3,2025-08-16
STU-0441,Esha Bhat,2024 · Term 2,Information Technology,4,9.4,0,87.12750000000001,48.691874999999996,59.649375,51.198750000000004,84.07,71.85625,69,2025-08-16
STU-0441,Esha Bhat,2025 · Term 1,Information Technology,4,9.76,0,88.6725,50.108125,60.550625000000004,53.00125,86.13,73.14375,70.8,2025-08-16
STU-0441,Esha Bhat,2025 · Term 2,Information Technology,4,10,0,90.2175,51.524375,61.451875,54.80375,88.19,74.43125,72.5,2025-08-16
STU-0442,Arjun Bhat,2024 · Term 1,Computer Science,4,7.72,0,48.797,77.54724999999999,33.64825,36.8965,36.796,84.89750000000001,52.9,2025-08-07
STU-0442,Arjun Bhat,2024 · Term 2,Computer Science,4,7.82,1,49.199,77.91574999999999,33.88275,37.365500000000004,37.332,85.2325,53.3,2025-08-07
STU-0442,Arjun Bhat,2025 · Term 1,Computer Science,4,7.91,0,49.601,78.28425,34.11725,37.8345,37.868,85.56750000000001,53.8,2025-08-07
STU-0442,Arjun Bhat,2025 · Term 2,Computer Science,4,8,0,50.003,78.65275,34.35175,38.3035,38.404,85.9025,54.2,2025-08-07
STU-0443,Rohan Bhat,2024 · Term 1,Civil Engineering,4,6.41,0,79.01150000000001,52.418875,83.348375,73.19675000000001,62.182,77.02624999999999,70.8,2025-08-26
STU-0443,Rohan Bhat,2024 · Term 2,Civil Engineering,4,6.23,0,78.27050000000001,51.739625,82.91612500000001,72.33225,61.194,76.40875,70,2025-08-26
STU-0443,Rohan Bhat,2025 · Term 1,Civil Engineering,4,6.06,1,77.5295,51.060375,82.483875,71.46775000000001,60.206,75.79124999999999,69.2,2025-08-26
STU-0443,Rohan Bhat,2025 · Term 2,Civil Engineering,4,5.89,2,76.7885,50.381125,82.051625,70.60325,59.218,75.17375,68.3,2025-08-26
STU-0444,Yash Bhat,2024 · Term 1,Business Analytics,4,8.54,0,51.526,69.36550000000001,78.62349999999999,65.847,38.568,72.00500000000001,58.8,2025-08-17
STU-0444,Yash Bhat,2024 · Term 2,Business Analytics,4,8.8,0,52.642,70.38850000000001,79.27449999999999,67.149,40.056,72.935,60,2025-08-17
STU-0444,Yash Bhat,2025 · Term 1,Business Analytics,4,9.06,0,53.758,71.4115,79.9255,68.451,41.544,73.86500000000001,61.3,2025-08-17
STU-0444,Yash Bhat,2025 · Term 2,Business Analytics,4,9.32,0,54.874,72.4345,80.5765,69.753,43.032,74.795,62.5,2025-08-17
STU-0445,Meera Bhat,2024 · Term 1,Mechanical,4,7.23,0,39.3405,85.837125,45.323625,75.74725000000001,86.154,93.53375,85.1,2025-08-08
STU-0445,Meera Bhat,2024 · Term 2,Mechanical,4,7.22,0,39.3135,85.812375,45.307874999999996,75.71575,86.118,93.51125,85.1,2025-08-08
STU-0445,Meera Bhat,2025 · Term 1,Mechanical,4,7.22,0,39.2865,85.78762499999999,45.292125,75.68425,86.082,93.48875,85.1,2025-08-08
STU-0445,Meera Bhat,2025 · Term 2,Mechanical,4,7.21,0,39.259499999999996,85.762875,45.276374999999994,75.65275,86.04599999999999,93.46625,85.1,2025-08-08
STU-0446,Kiran Bhat,2024 · Term 1,Electronics,4,5.91,2,98.155,68.30875,59.62375,94.2475,47.74,75.0625,72.4,2025-08-27
STU-0446,Kiran Bhat,2024 · Term 2,Electronics,4,5.64,0,96.985,67.23625,58.941250000000004,92.88250000000001,46.18,74.08749999999999,71,2025-08-27
STU-0446,Kiran Bhat,2025 · Term 1,Electronics,4,5.37,1,95.81500000000001,66.16375000000001,58.25875,91.5175,44.62,73.1125,69.8,2025-08-27
STU-0446,Kiran Bhat,2025 · Term 2,Electronics,4,5.1,2,94.64500000000001,65.09125,57.57625,90.1525,43.059999999999995,72.13749999999999,68.5,2025-08-27
STU-0447,Avani Bhat,2024 · Term 1,Information Technology,4,8.05,0,47.069500000000005,74.255375,73.29887500000001,57.29775,79.32600000000001,34.64125,57.1,2025-08-18
STU-0447,Avani Bhat,2024 · Term 2,Information Technology,4,8.21,0,47.7565,74.885125,73.69962500000001,58.09925,80.242,35.21375,57.9,2025-08-18
STU-0447,Avani Bhat,2025 · Term 1,Information Technology,4,8.37,0,48.4435,75.514875,74.100375,58.90075,81.158,35.78625,58.6,2025-08-18
STU-0447,Avani Bhat,2025 · Term 2,Information Technology,4,8.53,1,49.1305,76.144625,74.501125,59.70225,82.074,36.35875,59.4,2025-08-18
STU-0448,Saanvi Bhat,2024 · Term 1,Business Analytics,4,7.07,0,95.252,38.931000000000004,60.547,33.093999999999994,83.736,63.21,60,2025-08-13
STU-0448,Saanvi Bhat,2024 · Term 2,Business Analytics,4,7.03,0,95.084,38.777,60.449,32.897999999999996,83.512,63.07,59.8,2025-08-13
STU-0448,Saanvi Bhat,2025 · Term 1,Business Analytics,4,6.99,0,94.916,38.623000000000005,60.351,32.702,83.28800000000001,62.93,59.6,2025-08-13
STU-0448,Saanvi Bhat,2025 · Term 2,Business Analytics,4,6.95,0,94.748,38.469,60.253,32.506,83.06400000000001,62.79,59.5,2025-08-13
STU-0449,Aarav Banerjee,2024 · Term 1,Mechanical,4,5.75,0,49.26649999999999,81.20262500000001,85.247125,80.39425,79.722,92.33875,84.2,2025-08-04
STU-0449,Aarav Banerjee,2024 · Term 2,Mechanical,4,5.45,1,47.9555,80.00087500000001,84.48237499999999,78.86475,77.97399999999999,91.24625,82.7,2025-08-04
STU-0449,Aarav Banerjee,2025 · Term 1,Mechanical,4,5.14,2,46.644499999999994,78.799125,83.717625,77.33524999999999,76.226,90.15375,81.2,2025-08-04
STU-0449,Aarav Banerjee,2025 · Term 2,Mechanical,4,4.83,0,45.3335,77.597375,82.95287499999999,75.80574999999999,74.478,89.06125,79.8,2025-08-04
STU-0450,Mira Banerjee,2024 · Term 1,Civil Engineering,4,7.04,0,35.3835,97.659875,67.665375,43.43075,44.078,81.93625,56.5,2025-08-06
STU-0450,Mira Banerjee,2024 · Term 2,Civil Engineering,4,7,0,35.1945,97.486625,67.555125,43.21025,43.826,81.77875,56.3,2025-08-06
STU-0450,Mira Banerjee,2025 · Term 1,Civil Engineering,4,6.95,0,35.005500000000005,97.31337500000001,67.444875,42.98975,43.574000000000005,81.62125,56.1,2025-08-06
STU-0450,Mira Banerjee,2025 · Term 2,Civil Engineering,4,6.91,0,34.816500000000005,97.14012500000001,67.334625,42.76925,43.322,81.46375,55.9,2025-08-06
STU-0451,Maya Banerjee,2024 · Term 1,Computer Science,4,8.36,0,59.169000000000004,87.58825,68.16525,75.1305,84.492,74.00750000000001,77.9,2025-08-15
STU-0451,Maya Banerjee,2024 · Term 2,Computer Science,4,8.58,0,60.123000000000005,88.46275,68.72175,76.2435,85.76400000000001,74.80250000000001,78.9,2025-08-15
STU-0451,Maya Banerjee,2025 · Term 1,Computer Science,4,8.8,0,61.077,89.33725000000001,69.27825,77.3565,87.036,75.5975,80,2025-08-15
STU-0451,Maya Banerjee,2025 · Term 2,Computer Science,4,9.02,0,62.031,90.21175000000001,69.83475,78.4695,88.308,76.3925,81.1,2025-08-15
STU-0452,Dev Banerjee,2024 · Term 1,Information Technology,4,6.22,0,57.6545,43.641625,33.890125000000005,76.68025,93.106,64.42875,78.1,2025-08-24
STU-0452,Dev Banerjee,2024 · Term 2,Information Technology,4,6.01,2,56.7515,42.813874999999996,33.363375000000005,75.62675,91.902,63.676249999999996,77.1,2025-08-24
STU-0452,Dev Banerjee,2025 · Term 1,Information Technology,4,5.8,0,55.848499999999994,41.986125,32.836625,74.57324999999999,90.698,62.92375,76.1,2025-08-24
STU-0452,Dev Banerjee,2025 · Term 2,Information Technology,4,5.59,1,54.945499999999996,41.158375,32.309875,73.51974999999999,89.494,62.17125,75.1,2025-08-24
STU-0453,Sara Banerjee,2024 · Term 1,Electronics,4,7.54,0,45.84,58.17,35.19,31.979999999999997,74.52,57.300000000000004,54.6,2025-08-05
STU-0453,Sara Banerjee,2024 · Term 2,Electronics,4,7.59,0,46.080000000000005,58.39,35.33,32.26,74.84,57.5,54.9,2025-08-05
STU-0453,Sara Banerjee,2025 · Term 1,Electronics,4,7.65,0,46.32,58.61,35.47,32.54,75.16,57.7,55.1,2025-08-05
STU-0453,Sara Banerjee,2025 · Term 2,Electronics,4,7.7,0,46.56,58.83,35.61,32.82,75.48,57.9,55.4,2025-08-05
STU-0454,Aditi Banerjee,2024 · Term 1,Mechanical,4,7.66,0,75.7735,92.917375,39.792875,55.88575,74.398,84.26125,71.5,2025-08-22
STU-0454,Aditi Banerjee,2024 · Term 2,Mechanical,4,7.75,0,76.1245,93.239125,39.997625,56.29525,74.866,84.55375000000001,71.9,2025-08-22
STU-0454,Aditi Banerjee,2025 · Term 1,Mechanical,4,7.83,0,76.4755,93.56087500000001,40.202375,56.70475,75.33399999999999,84.84625,72.3,2025-08-22
STU-0454,Aditi Banerjee,2025 · Term 2,Mechanical,4,7.91,0,76.8265,93.882625,40.407125,57.11425,75.80199999999999,85.13875,72.7,2025-08-22
STU-0455,Nikhil Banerjee,2024 · Term 1,Business Analytics,4,8.98,0,48.959,78.24575,63.492749999999994,60.1855,35.412,72.3325,56,2025-08-03
STU-0455,Nikhil Banerjee,2024 · Term 2,Business Analytics,4,9.33,0,50.453,79.61525,64.36425,61.9285,37.403999999999996,73.5775,57.6,2025-08-03
STU-0455,Nikhil Banerjee,2025 · Term 1,Business Analytics,4,9.68,0,51.947,80.98474999999999,65.23575,63.671499999999995,39.396,74.8225,59.3,2025-08-03
STU-0455,Nikhil Banerjee,2025 · Term 2,Business Analytics,4,10,0,53.441,82.35425,66.10725,65.4145,41.388,76.06750000000001,61,2025-08-03
STU-0456,Naina Banerjee,2024 · Term 1,Civil Engineering,4,6.84,0,50.0445,73.499125,49.017625,53.33525,96.426,45.15375,65,2025-08-12
STU-0456,Naina Banerjee,2024 · Term 2,Civil Engineering,4,6.76,0,49.6815,73.166375,48.805875,52.911750000000005,95.94200000000001,44.85125,64.6,2025-08-12
STU-0456,Naina Banerjee,2025 · Term 1,Civil Engineering,4,6.67,0,49.3185,72.833625,48.594125000000005,52.48825,95.458,44.548750000000005,64.2,2025-08-12
STU-0456,Naina Banerjee,2025 · Term 2,Civil Engineering,4,6.59,0,48.9555,72.500875,48.382375,52.064750000000004,94.974,44.24625,63.8,2025-08-12
STU-0457,Diya Banerjee,2024 · Term 1,Computer Science,4,8.16,0,61.629999999999995,40.627500000000005,53.1175,37.035,72.84,60.025,56.6,2025-08-21
STU-0457,Diya Banerjee,2024 · Term 2,Computer Science,4,8.34,0,62.41,41.3425,53.5725,37.945,73.88000000000001,60.675,57.5,2025-08-21
STU-0457,Diya Banerjee,2025 · Term 1,Computer Science,4,8.52,0,63.19,42.057500000000005,54.027499999999996,38.855,74.92,61.325,58.4,2025-08-21
STU-0457,Diya Banerjee,2025 · Term 2,Computer Science,4,8.7,0,63.97,42.7725,54.482499999999995,39.765,75.96000000000001,61.975,59.2,2025-08-21
STU-0458,Vihaan Banerjee,2024 · Term 1,Information Technology,4,7.21,0,45.5675,35.861875,73.93937500000001,69.17875,52.19,65.75625000000001,62.4,2025-08-22
STU-0458,Vihaan Banerjee,2024 · Term 2,Information Technology,4,7.2,0,45.5225,35.820625,73.91312500000001,69.12625,52.13,65.71875,62.3,2025-08-22
STU-0458,Vihaan Banerjee,2025 · Term 1,Information Technology,4,7.19,0,45.4775,35.779374999999995,73.886875,69.07374999999999,52.07,65.68125,62.3,2025-08-22
STU-0458,Vihaan Banerjee,2025 · Term 2,Information Technology,4,7.18,0,45.4325,35.738125,73.860625,69.02125,52.010000000000005,65.64375,62.2,2025-08-22
STU-0459,Akash Banerjee,2024 · Term 1,Electronics,4,8.52,1,50.153,79.59025,54.03925,32.4785,78.004,42.8275,51.1,2025-08-03
STU-0459,Akash Banerjee,2024 · Term 2,Electronics,4,8.78,0,51.251,80.59675,54.67975,33.759499999999996,79.468,43.7425,52.3,2025-08-03
STU-0459,Akash Banerjee,2025 · Term 1,Electronics,4,9.04,0,52.349,81.60324999999999,55.32025,35.0405,80.932,44.657500000000006,53.5,2025-08-03
STU-0459,Akash Banerjee,2025 · Term 2,Electronics,4,9.29,0,53.446999999999996,82.60974999999999,55.96075,36.3215,82.396,45.572500000000005,54.8,2025-08-03
STU-0460,Neha Banerjee,2024 · Term 1,Computer Science,4,8.81,0,62.574999999999996,68.44375,49.21875,77.2375,64.1,36.7125,59.3,2025-08-15
STU-0460,Neha Banerjee,2024 · Term 2,Computer Science,4,9.13,0,63.925,69.68124999999999,50.00625,78.8125,65.89999999999999,37.8375,60.8,2025-08-15
STU-0460,Neha Banerjee,2025 · Term 1,Computer Science,4,9.44,0,65.27499999999999,70.91875,50.793749999999996,80.38749999999999,67.7,38.9625,62.3,2025-08-15
STU-0460,Neha Banerjee,2025 · Term 2,Computer Science,4,9.76,0,66.625,72.15625,51.58125,81.96249999999999,69.5,40.0875,63.8,2025-08-15
STU-0461,Reyansh Banerjee,2024 · Term 1,Civil Engineering,4,7.5,0,94.98949999999999,54.515375,47.518875,53.13775,32.885999999999996,76.44125,54.2,2025-08-06
STU-0461,Reyansh Banerjee,2024 · Term 2,Civil Engineering,4,7.55,0,95.1965,54.705124999999995,47.639625,53.37925,33.162,76.61375,54.4,2025-08-06
STU-0461,Reyansh Banerjee,2025 · Term 1,Civil Engineering,4,7.59,0,95.4035,54.894875,47.760375,53.62075,33.437999999999995,76.78625000000001,54.6,2025-08-06
STU-0461,Reyansh Banerjee,2025 · Term 2,Civil Engineering,4,7.64,0,95.6105,55.084624999999996,47.881125000000004,53.86225,33.714,76.95875000000001,54.8,2025-08-06
STU-0462,Ishaan Banerjee,2024 · Term 1,Electronics,4,7.99,0,73.646,60.225500000000004,74.6435,29.887,96.52799999999999,50.004999999999995,58.8,2025-08-05
STU-0462,Ishaan Banerjee,2024 · Term 2,Electronics,4,8.14,0,74.282,60.8085,75.0145,30.629,97.37599999999999,50.535,59.5,2025-08-05
STU-0462,Ishaan Banerjee,2025 · Term 1,Electronics,4,8.29,0,74.91799999999999,61.3915,75.38550000000001,31.371,98.224,51.065,60.2,2025-08-05
STU-0462,Ishaan Banerjee,2025 · Term 2,Electronics,4,8.44,0,75.55399999999999,61.9745,75.7565,32.113,99.072,51.595,60.9,2025-08-05
STU-0463,Zoya Banerjee,2024 · Term 1,Information Technology,4,6.68,0,38.2605,79.297125,82.54362499999999,68.58725,64.514,79.73375,70.9,2025-08-24
STU-0463,Zoya Banerjee,2024 · Term 2,Information Technology,4,6.56,0,37.7535,78.832375,82.247875,67.99575,63.838,79.31125,70.4,2025-08-24
STU-0463,Zoya Banerjee,2025 · Term 1,Information Technology,4,6.44,0,37.2465,78.36762499999999,81.952125,67.40425,63.162,78.88874999999999,69.8,2025-08-24
STU-0463,Zoya Banerjee,2025 · Term 2,Information Technology,4,6.32,0,36.7395,77.902875,81.656375,66.81275000000001,62.486,78.46624999999999,69.3,2025-08-24
STU-0464,Amara Banerjee,2024 · Term 1,Business Analytics,4,7.17,0,59.117,75.00725,90.26825000000001,93.1365,70.55600000000001,58.6975,74.1,2025-08-23
STU-0464,Amara Banerjee,2024 · Term 2,Business Analytics,4,7.15,0,59.039,74.93575,90.22275,93.0455,70.45200000000001,58.6325,74,2025-08-23
STU-0464,Amara Banerjee,2025 · Term 1,Business Analytics,4,7.13,1,58.961,74.86425000000001,90.17725,92.9545,70.348,58.5675,74,2025-08-23
STU-0464,Amara Banerjee,2025 · Term 2,Business Analytics,4,7.12,0,58.883,74.79275000000001,90.13175,92.8635,70.244,58.502500000000005,73.9,2025-08-23
STU-0465,Pranav Banerjee,2024 · Term 1,Mechanical,4,5.86,0,42.9315,36.478874999999995,81.168375,70.23675,98.142,75.02625,81.1,2025-08-14
STU-0465,Pranav Banerjee,2024 · Term 2,Mechanical,4,5.57,1,41.7105,35.359624999999994,80.456125,68.81224999999999,96.514,74.00875,79.8,2025-08-14
STU-0465,Pranav Banerjee,2025 · Term 1,Mechanical,4,5.29,2,40.4895,34.240375,79.74387499999999,67.38775,94.88600000000001,72.99125,78.4,2025-08-14
STU-0465,Pranav Banerjee,2025 · Term 2,Mechanical,4,5,0,39.2685,33.121125,79.03162499999999,65.96324999999999,93.25800000000001,71.97375,77.1,2025-08-14
STU-0466,Tanish Banerjee,2024 · Term 1,Business Analytics,4,7.37,0,61.456,49.568000000000005,73.51599999999999,86.63199999999999,43.208,83.67999999999999,71.2,2025-08-17
STU-0466,Tanish Banerjee,2024 · Term 2,Business Analytics,4,7.39,0,61.552,49.656000000000006,73.57199999999999,86.744,43.336,83.75999999999999,71.3,2025-08-17
STU-0466,Tanish Banerjee,2025 · Term 1,Business Analytics,4,7.42,0,61.648,49.744,73.628,86.856,43.464,83.84,71.4,2025-08-17
STU-0466,Tanish Banerjee,2025 · Term 2,Business Analytics,4,7.44,0,61.744,49.832,73.684,86.968,43.592,83.92,71.5,2025-08-17
STU-0467,Kavya Banerjee,2024 · Term 1,Civil Engineering,4,8.48,0,29.5025,70.935625,59.768125000000005,30.236250000000002,64.57000000000001,75.96875,56.9,2025-08-04
STU-0467,Kavya Banerjee,2024 · Term 2,Civil Engineering,4,8.73,0,30.567500000000003,71.91187500000001,60.389375,31.47875,65.99000000000001,76.85625,58.1,2025-08-04
STU-0467,Kavya Banerjee,2025 · Term 1,Civil Engineering,4,8.98,0,31.6325,72.888125,61.010625000000005,32.721250000000005,67.41,77.74374999999999,59.3,2025-08-04
STU-0467,Kavya Banerjee,2025 · Term 2,Civil Engineering,4,9.23,0,32.6975,73.86437500000001,61.631875,33.963750000000005,68.83,78.63125,60.5,2025-08-04
STU-0468,Aditya Banerjee,2024 · Term 1,Computer Science,4,6.55,0,69.12700000000001,76.74975,96.14075,62.881499999999996,44.035999999999994,89.37249999999999,65.4,2025-08-07
STU-0468,Aditya Banerjee,2024 · Term 2,Computer Science,4,6.41,0,68.509,76.18325,95.78025,62.1605,43.211999999999996,88.85749999999999,64.7,2025-08-07
STU-0468,Aditya Banerjee,2025 · Term 1,Computer Science,4,6.26,1,67.891,75.61675000000001,95.41975,61.439499999999995,42.388,88.3425,64.1,2025-08-07
STU-0468,Aditya Banerjee,2025 · Term 2,Computer Science,4,6.12,0,67.273,75.05025,95.05924999999999,60.7185,41.564,87.8275,63.4,2025-08-07
STU-0469,Ananya Banerjee,2024 · Term 1,Civil Engineering,4,8.68,0,48.4415,62.696375,90.215875,91.13175,87.822,40.95125,73.3,2025-08-26
STU-0469,Ananya Banerjee,2024 · Term 2,Civil Engineering,4,8.97,0,49.680499999999995,63.832125000000005,90.938625,92.57724999999999,89.474,41.98375,74.7,2025-08-26
STU-0469,Ananya Banerjee,2025 · Term 1,Civil Engineering,4,9.26,0,50.9195,64.967875,91.66137499999999,94.02275,91.12599999999999,43.01625,76.1,2025-08-26
STU-0469,Ananya Banerjee,2025 · Term 2,Civil Engineering,4,9.55,0,52.1585,66.10362500000001,92.384125,95.46825,92.77799999999999,44.04875,77.4,2025-08-26
STU-0470,Rhea Banerjee,2024 · Term 1,Civil Engineering,4,6.39,0,53.0385,92.843625,56.964124999999996,91.82825,65.41799999999999,86.44875,81.2,2025-08-12
STU-0470,Rhea Banerjee,2024 · Term 2,Civil Engineering,4,6.21,0,52.2795,92.147875,56.521375,90.94275,64.40599999999999,85.81625,80.4,2025-08-12
STU-0470,Rhea Banerjee,2025 · Term 1,Civil Engineering,4,6.03,1,51.5205,91.452125,56.078624999999995,90.05725,63.394,85.18375,79.5,2025-08-12
STU-0470,Rhea Banerjee,2025 · Term 2,Civil Engineering,4,5.86,2,50.7615,90.75637499999999,55.635875,89.17175,62.382,84.55125,78.7,2025-08-12
STU-0471,Tara Banerjee,2024 · Term 1,Computer Science,4,7.7,0,56.824,94.372,49.264,84.928,91.032,88.32,88.1,2025-08-21
STU-0471,Tara Banerjee,2024 · Term 2,Computer Science,4,7.79,0,57.208,94.724,49.488,85.37599999999999,91.544,88.64,88.5,2025-08-21
STU-0471,Tara Banerjee,2025 · Term 1,Computer Science,4,7.88,0,57.592,95.07600000000001,49.712,85.824,92.056,88.96,88.9,2025-08-21
STU-0471,Tara Banerjee,2025 · Term 2,Computer Science,4,7.97,0,57.976,95.42800000000001,49.936,86.27199999999999,92.568,89.28,89.4,2025-08-21
STU-0472,Kabir Banerjee,2024 · Term 1,Mechanical,4,7.21,0,44.767500000000005,72.861875,75.73937500000001,49.77875,91.19,69.15625,70,2025-08-22
STU-0472,Kabir Banerjee,2024 · Term 2,Mechanical,4,7.2,0,44.722500000000004,72.82062499999999,75.713125,49.72625,91.13,69.11874999999999,70,2025-08-22
STU-0472,Kabir Banerjee,2025 · Term 1,Mechanical,4,7.19,0,44.6775,72.779375,75.686875,49.673750000000005,91.07,69.08125,69.9,2025-08-22
STU-0472,Kabir Banerjee,2025 · Term 2,Mechanical,4,7.18,0,44.6325,72.738125,75.660625,49.62125,91.00999999999999,69.04374999999999,69.9,2025-08-22
STU-0473,Esha Banerjee,2024 · Term 1,Business Analytics,4,8.52,0,91.353,58.590250000000005,75.23925,90.47850000000001,89.804,53.427499999999995,77.9,2025-08-03
STU-0473,Esha Banerjee,2024 · Term 2,Business Analytics,4,8.78,0,92.451,59.59675,75.87975,91.7595,91.268,54.342499999999994,79.1,2025-08-03
STU-0473,Esha Banerjee,2025 · Term 1,Business Analytics,4,9.04,1,93.549,60.60325,76.52025,93.04050000000001,92.732,55.2575,80.3,2025-08-03
STU-0473,Esha Banerjee,2025 · Term 2,Business Analytics,4,9.29,0,94.647,61.60975,77.16075000000001,94.3215,94.196,56.1725,81.6,2025-08-03
STU-0474,Arjun Banerjee,2024 · Term 1,Information Technology,4,8.03,0,91.8965,58.280125000000005,74.514625,47.12925,69.56200000000001,61.46375,59.4,2025-08-04
STU-0474,Arjun Banerjee,2024 · Term 2,Information Technology,4,8.19,0,92.5655,58.893375000000006,74.90487499999999,47.909749999999995,70.45400000000001,62.021249999999995,60.1,2025-08-04
STU-0474,Arjun Banerjee,2025 · Term 1,Information Technology,4,8.34,0,93.23450000000001,59.506625,75.295125,48.69025,71.346,62.57875,60.9,2025-08-04
STU-0474,Arjun Banerjee,2025 · Term 2,Information Technology,4,8.5,0,93.90350000000001,60.119875,75.685375,49.470749999999995,72.238,63.13625,61.6,2025-08-04
STU-0475,Rohan Banerjee,2024 · Term 1,Electronics,4,5.89,2,92.582,38.1335,80.8395,34.679,71.176,62.285,56,2025-08-13
STU-0475,Rohan Banerjee,2024 · Term 2,Electronics,4,5.62,0,91.39399999999999,37.0445,80.1465,33.293,69.592,61.294999999999995,54.7,2025-08-13
STU-0475,Rohan Banerjee,2025 · Term 1,Electronics,4,5.34,1,90.206,35.9555,79.45349999999999,31.907,68.008,60.305,53.4,2025-08-13
STU-0475,Rohan Banerjee,2025 · Term 2,Electronics,4,5.06,2,89.018,34.8665,78.7605,30.521,66.42399999999999,59.315,52.1,2025-08-13
STU-0476,Yash Banerjee,2024 · Term 1,Civil Engineering,4,8.85,0,51.4255,32.098375,47.489875000000005,87.87975,58.334,79.77125,75.3,2025-08-14
STU-0476,Yash Banerjee,2024 · Term 2,Civil Engineering,4,9.17,0,52.8085,33.366125,48.296625000000006,89.49325,60.178000000000004,80.92375,76.9,2025-08-14
STU-0476,Yash Banerjee,2025 · Term 1,Civil Engineering,4,9.5,0,54.1915,34.633875,49.103375,91.10674999999999,62.022,82.07625,78.4,2025-08-14
STU-0476,Yash Banerjee,2025 · Term 2,Civil Engineering,4,9.82,0,55.5745,35.901625,49.910125,92.72025,63.866,83.22875,79.9,2025-08-14
STU-0477,Meera Banerjee,2024 · Term 1,Computer Science,4,6.71,0,49.510999999999996,89.95175,52.81475,63.029500000000006,71.74799999999999,72.7925,69.2,2025-08-23
STU-0477,Meera Banerjee,2024 · Term 2,Computer Science,4,6.6,0,49.037,89.51725,52.53825,62.4765,71.116,72.39750000000001,68.7,2025-08-23
STU-0477,Meera Banerjee,2025 · Term 1,Computer Science,4,6.49,0,48.562999999999995,89.08274999999999,52.26175,61.923500000000004,70.484,72.0025,68.1,2025-08-23
STU-0477,Meera Banerjee,2025 · Term 2,Computer Science,4,6.38,0,48.089,88.64824999999999,51.98525,61.3705,69.852,71.6075,67.6,2025-08-23
STU-0478,Kiran Banerjee,2024 · Term 1,Mechanical,4,6.22,0,54.8545,79.841625,43.890125000000005,66.08025,60.306,83.42875,69.9,2025-08-24
STU-0478,Kiran Banerjee,2024 · Term 2,Mechanical,4,6.01,1,53.9515,79.013875,43.363375000000005,65.02675,59.102,82.67625,68.9,2025-08-24
STU-0478,Kiran Banerjee,2025 · Term 1,Mechanical,4,5.8,2,53.0485,78.18612499999999,42.836625,63.97325,57.898,81.92375,67.9,2025-08-24
STU-0478,Kiran Banerjee,2025 · Term 2,Mechanical,4,5.59,0,52.1455,77.358375,42.309875,62.91975,56.694,81.17125,66.9,2025-08-24
STU-0479,Avani Banerjee,2024 · Term 1,Business Analytics,4,7.54,0,62.24,44.97,94.99000000000001,69.17999999999999,34.120000000000005,47.900000000000006,50.4,2025-08-05
STU-0479,Avani Banerjee,2024 · Term 2,Business Analytics,4,7.59,0,62.480000000000004,45.19,95.13000000000001,69.46,34.44,48.1,50.7,2025-08-05
STU-0479,Avani Banerjee,2025 · Term 1,Business Analytics,4,7.65,0,62.72,45.41,95.27,69.74,34.760000000000005,48.300000000000004,50.9,2025-08-05
STU-0479,Avani Banerjee,2025 · Term 2,Business Analytics,4,7.7,0,62.96,45.629999999999995,95.41,70.02,35.08,48.5,51.2,2025-08-05
STU-0480,Saanvi Banerjee,2024 · Term 1,Computer Science,4,8.07,0,56.338,50.9265,89.98049999999999,94.961,38.184000000000005,61.515,64.9,2025-08-25
STU-0480,Saanvi Banerjee,2024 · Term 2,Computer Science,4,8.24,1,57.046,51.5755,90.39349999999999,95.787,39.128,62.105,65.7,2025-08-25
STU-0480,Saanvi Banerjee,2025 · Term 1,Computer Science,4,8.4,0,57.754,52.2245,90.8065,96.613,40.072,62.695,66.5,2025-08-25
STU-0480,Saanvi Banerjee,2025 · Term 2,Computer Science,4,8.57,0,58.461999999999996,52.8735,91.2195,97.43900000000001,41.016,63.285,67.2,2025-08-25
STU-0481,Aarav Mukherjee,2024 · Term 1,Civil Engineering,4,6.76,0,85.55250000000001,44.998125,95.68062499999999,75.66125000000001,54.37,44.643750000000004,58.2,2025-08-16
STU-0481,Aarav Mukherjee,2024 · Term 2,Civil Engineering,4,6.66,0,85.1175,44.599375,95.426875,75.15375,53.79,44.28125,57.7,2025-08-16
STU-0481,Aarav Mukherjee,2025 · Term 1,Civil Engineering,4,6.56,0,84.6825,44.200624999999995,95.173125,74.64625000000001,53.21,43.91875,57.3,2025-08-16
STU-0481,Aarav Mukherjee,2025 · Term 2,Civil Engineering,4,6.46,0,84.2475,43.801874999999995,94.919375,74.13875,52.63,43.55625,56.8,2025-08-16
STU-0482,Mira Mukherjee,2024 · Term 1,Business Analytics,4,8.9,0,58.266999999999996,85.54475,58.95575,87.5115,56.955999999999996,61.8225,68.8,2025-08-07
STU-0482,Mira Mukherjee,2024 · Term 2,Business Analytics,4,9.23,0,59.689,86.84825,59.785250000000005,89.1705,58.852,63.0075,70.3,2025-08-07
STU-0482,Mira Mukherjee,2025 · Term 1,Business Analytics,4,9.56,0,61.111,88.15175,60.61475,90.8295,60.748,64.1925,71.9,2025-08-07
STU-0482,Mira Mukherjee,2025 · Term 2,Business Analytics,4,9.89,0,62.533,89.45525,61.444250000000004,92.4885,62.644,65.3775,73.5,2025-08-07
STU-0483,Maya Mukherjee,2024 · Term 1,Mechanical,4,7.58,0,35.2815,95.01637500000001,81.255875,36.01175,33.542,90.95125,53.5,2025-08-26
STU-0483,Maya Mukherjee,2024 · Term 2,Mechanical,4,7.65,0,35.560500000000005,95.272125,81.418625,36.33725,33.914,91.18375,53.8,2025-08-26
STU-0483,Maya Mukherjee,2025 · Term 1,Mechanical,4,7.71,0,35.8395,95.52787500000001,81.581375,36.66275,34.286,91.41624999999999,54.1,2025-08-26
STU-0483,Maya Mukherjee,2025 · Term 2,Mechanical,4,7.78,0,36.118500000000004,95.783625,81.744125,36.98825,34.658,91.64874999999999,54.4,2025-08-26
STU-0484,Dev Mukherjee,2024 · Term 1,Electronics,4,7.45,0,59.147999999999996,34.869,65.45299999999999,34.906000000000006,79.06400000000001,32.589999999999996,48.9,2025-08-09
STU-0484,Dev Mukherjee,2024 · Term 2,Electronics,4,7.49,1,59.315999999999995,35.023,65.55099999999999,35.102000000000004,79.28800000000001,32.73,49,2025-08-09
STU-0484,Dev Mukherjee,2025 · Term 1,Electronics,4,7.53,0,59.484,35.177,65.649,35.298,79.512,32.87,49.2,2025-08-09
STU-0484,Dev Mukherjee,2025 · Term 2,Electronics,4,7.57,0,59.652,35.331,65.747,35.494,79.736,33.01,49.4,2025-08-09
STU-0485,Sara Mukherjee,2024 · Term 1,Information Technology,4,6.14,1,68.36250000000001,76.340625,51.953125,53.006249999999994,56.45,94.11875,67.9,2025-08-28
STU-0485,Sara Mukherjee,2024 · Term 2,Information Technology,4,5.91,2,67.3875,75.446875,51.384375,51.86875,55.15,93.30625,66.8,2025-08-28
STU-0485,Sara Mukherjee,2025 · Term 1,Information Technology,4,5.68,0,66.41250000000001,74.553125,50.815625000000004,50.731249999999996,53.85,92.49375,65.7,2025-08-28
STU-0485,Sara Mukherjee,2025 · Term 2,Information Technology,4,5.46,1,65.4375,73.659375,50.246875,49.59375,52.55,91.68125,64.6,2025-08-28
STU-0486,Aditi Mukherjee,2024 · Term 1,Computer Science,4,8.27,0,74.07700000000001,77.68725,66.42825,63.256499999999996,41.236,68.0975,57.5,2025-08-19
STU-0486,Aditi Mukherjee,2024 · Term 2,Computer Science,4,8.48,0,74.959,78.49575,66.94275,64.2855,42.412,68.8325,58.5,2025-08-19
STU-0486,Aditi Mukherjee,2025 · Term 1,Computer Science,4,8.69,0,75.84100000000001,79.30425000000001,67.45725,65.3145,43.588,69.56750000000001,59.5,2025-08-19
STU-0486,Aditi Mukherjee,2025 · Term 2,Computer Science,4,8.89,0,76.723,80.11275,67.97175,66.34349999999999,44.764,70.30250000000001,60.5,2025-08-19
STU-0487,Nikhil Mukherjee,2024 · Term 1,Information Technology,4,5.94,1,59.2235,68.979875,63.905375,98.31075,92.798,91.53625,94.2,2025-08-06
STU-0487,Nikhil Mukherjee,2024 · Term 2,Information Technology,4,5.67,2,58.0745,67.926625,63.235125,96.97025,91.266,90.57875,92.9,2025-08-06
STU-0487,Nikhil Mukherjee,2025 · Term 1,Information Technology,4,5.4,0,56.9255,66.87337500000001,62.564875,95.62975,89.734,89.62124999999999,91.7,2025-08-06
STU-0487,Nikhil Mukherjee,2025 · Term 2,Information Technology,4,5.13,1,55.7765,65.820125,61.894625,94.28925,88.202,88.66375,90.4,2025-08-06
STU-0488,Naina Mukherjee,2024 · Term 1,Computer Science,4,5.81,0,70.69,54.432500000000005,42.902499999999996,92.005,46.120000000000005,65.97500000000001,68,2025-08-17
STU-0488,Naina Mukherjee,2024 · Term 2,Computer Science,4,5.52,1,69.42999999999999,53.2775,42.1675,90.535,44.440000000000005,64.92500000000001,66.6,2025-08-17
STU-0488,Naina Mukherjee,2025 · Term 1,Computer Science,4,5.22,2,68.17,52.1225,41.4325,89.065,42.76,63.87500000000001,65.2,2025-08-17
STU-0488,Naina Mukherjee,2025 · Term 2,Computer Science,4,4.93,0,66.91,50.9675,40.6975,87.595,41.08,62.825,63.8,2025-08-17
STU-0489,Diya Mukherjee,2024 · Term 1,Civil Engineering,4,7.95,0,37.4045,74.579125,31.777624999999997,34.05525,65.706,53.75375,51.2,2025-08-08
STU-0489,Diya Mukherjee,2024 · Term 2,Civil Engineering,4,8.09,0,38.0015,75.12637500000001,32.125875,34.75175,66.50200000000001,54.25125,51.8,2025-08-08
STU-0489,Diya Mukherjee,2025 · Term 1,Civil Engineering,4,8.23,0,38.598499999999994,75.673625,32.474124999999994,35.44825,67.298,54.74875,52.5,2025-08-08
STU-0489,Diya Mukherjee,2025 · Term 2,Civil Engineering,4,8.36,0,39.195499999999996,76.220875,32.822374999999994,36.14475,68.09400000000001,55.24625,53.2,2025-08-08
STU-0490,Vihaan Mukherjee,2024 · Term 1,Civil Engineering,4,7.42,0,43.8975,79.614375,45.381875,79.46375,83.63000000000001,44.53125,69.2,2025-08-10
STU-0490,Vihaan Mukherjee,2024 · Term 2,Civil Engineering,4,7.45,0,44.0325,79.738125,45.460625,79.62125,83.81,44.643750000000004,69.4,2025-08-10
STU-0490,Vihaan Mukherjee,2025 · Term 1,Civil Engineering,4,7.48,0,44.167500000000004,79.861875,45.539375,79.77875,83.99000000000001,44.75625,69.5,2025-08-10
STU-0490,Vihaan Mukherjee,2025 · Term 2,Civil Engineering,4,7.51,0,44.3025,79.985625,45.618125,79.93625,84.17,44.868750000000006,69.7,2025-08-10
STU-0491,Akash Mukherjee,2024 · Term 1,Computer Science,4,8.73,0,83.883,32.942750000000004,41.48175,40.5635,83.244,94.6025,72.8,2025-08-19
STU-0491,Akash Mukherjee,2024 · Term 2,Computer Science,4,9.03,0,85.161,34.114250000000006,42.22725,42.0545,84.948,95.6675,74.2,2025-08-19
STU-0491,Akash Mukherjee,2025 · Term 1,Computer Science,4,9.33,0,86.439,35.28575,42.972750000000005,43.5455,86.652,96.7325,75.6,2025-08-19
STU-0491,Akash Mukherjee,2025 · Term 2,Computer Science,4,9.62,0,87.717,36.45725,43.718250000000005,45.0365,88.356,97.7975,77.1,2025-08-19
STU-0492,Neha Mukherjee,2024 · Term 1,Information Technology,4,6.59,0,61.768499999999996,98.396125,57.806625,74.31325,73.258,36.423750000000005,61.3,2025-08-28
STU-0492,Neha Mukherjee,2024 · Term 2,Information Technology,4,6.46,0,61.189499999999995,97.865375,57.468875,73.63775,72.48599999999999,35.941250000000004,60.7,2025-08-28
STU-0492,Neha Mukherjee,2025 · Term 1,Information Technology,4,6.32,0,60.6105,97.33462499999999,57.131125,72.96225,71.714,35.45875,60,2025-08-28
STU-0492,Neha Mukherjee,2025 · Term 2,Information Technology,4,6.19,1,60.0315,96.80387499999999,56.793375,72.28675,70.942,34.97625,59.4,2025-08-28
STU-0493,Reyansh Mukherjee,2024 · Term 1,Electronics,4,7.91,0,75.554,85.3245,60.106500000000004,56.213,76.872,89.295,74.1,2025-08-09
STU-0493,Reyansh Mukherjee,2024 · Term 2,Electronics,4,8.04,0,76.11800000000001,85.8415,60.435500000000005,56.871,77.624,89.765,74.8,2025-08-09
STU-0493,Reyansh Mukherjee,2025 · Term 1,Electronics,4,8.17,0,76.682,86.35849999999999,60.7645,57.529,78.376,90.235,75.4,2025-08-09
STU-0493,Reyansh Mukherjee,2025 · Term 2,Electronics,4,8.3,0,77.24600000000001,86.87549999999999,61.0935,58.187000000000005,79.128,90.705,76,2025-08-09
STU-0494,Ishaan Mukherjee,2024 · Term 1,Mechanical,4,5.77,0,51.639500000000005,76.177875,85.03137500000001,42.96275,78.486,80.91624999999999,67.5,2025-08-18
STU-0494,Ishaan Mukherjee,2024 · Term 2,Mechanical,4,5.47,1,50.346500000000006,74.992625,84.27712500000001,41.45425,76.762,79.83874999999999,66,2025-08-18
STU-0494,Ishaan Mukherjee,2025 · Term 1,Mechanical,4,5.17,2,49.0535,73.80737500000001,83.522875,39.945750000000004,75.03800000000001,78.76125,64.6,2025-08-18
STU-0494,Ishaan Mukherjee,2025 · Term 2,Mechanical,4,4.87,0,47.7605,72.62212500000001,82.768625,38.437250000000006,73.31400000000001,77.68375,63.1,2025-08-18
STU-0495,Zoya Mukherjee,2024 · Term 1,Business Analytics,4,7.09,0,61.625,95.30624999999999,70.13125,97.66250000000001,93.89999999999999,63.3875,85,2025-08-27
STU-0495,Zoya Mukherjee,2024 · Term 2,Business Analytics,4,7.05,0,61.475,95.16874999999999,70.04375,97.48750000000001,93.69999999999999,63.2625,84.8,2025-08-27
STU-0495,Zoya Mukherjee,2025 · Term 1,Business Analytics,4,7.02,0,61.324999999999996,95.03125,69.95625,97.3125,93.5,63.1375,84.6,2025-08-27
STU-0495,Zoya Mukherjee,2025 · Term 2,Business Analytics,4,6.98,0,61.175,94.89375,69.86875,97.1375,93.3,63.0125,84.5,2025-08-27
STU-0496,Amara Mukherjee,2024 · Term 1,Civil Engineering,4,8.4,0,78.81049999999999,93.434625,45.831125,34.76225,69.914,83.85875,62.8,2025-08-08
STU-0496,Amara Mukherjee,2024 · Term 2,Civil Engineering,4,8.63,0,79.8035,94.344875,46.410375,35.92075,71.238,84.68625,63.9,2025-08-08
STU-0496,Amara Mukherjee,2025 · Term 1,Civil Engineering,4,8.87,0,80.7965,95.25512499999999,46.989625000000004,37.07925,72.56200000000001,85.51374999999999,65.1,2025-08-08
STU-0496,Amara Mukherjee,2025 · Term 2,Civil Engineering,4,9.1,0,81.7895,96.165375,47.568875000000006,38.23775,73.88600000000001,86.34124999999999,66.2,2025-08-08
STU-0497,Pranav Mukherjee,2024 · Term 1,Computer Science,4,6.27,0,82.096,81.08800000000001,48.956,51.512,38.328,80.67999999999999,56.8,2025-08-17
STU-0497,Pranav Mukherjee,2024 · Term 2,Computer Science,4,6.06,1,81.232,80.296,48.452000000000005,50.504,37.176,79.96,55.9,2025-08-17
STU-0497,Pranav Mukherjee,2025 · Term 1,Computer Science,4,5.86,2,80.368,79.504,47.948,49.496,36.024,79.24,54.9,2025-08-17
STU-0497,Pranav Mukherjee,2025 · Term 2,Computer Science,4,5.66,0,79.50399999999999,78.712,47.444,48.488,34.872,78.52,54,2025-08-17
STU-0498,Tanish Mukherjee,2024 · Term 1,Civil Engineering,4,8.6,0,46.9495,87.795375,41.678875000000005,49.257749999999994,82.76599999999999,89.84125,74,2025-08-02
STU-0498,Tanish Mukherjee,2024 · Term 2,Civil Engineering,4,8.87,1,48.1165,88.865125,42.359625,50.619249999999994,84.32199999999999,90.81375,75.3,2025-08-02
STU-0498,Tanish Mukherjee,2025 · Term 1,Civil Engineering,4,9.15,0,49.283500000000004,89.934875,43.040375000000004,51.98075,85.878,91.78625,76.5,2025-08-02
STU-0498,Tanish Mukherjee,2025 · Term 2,Civil Engineering,4,9.42,0,50.450500000000005,91.004625,43.721125,53.34225,87.434,92.75874999999999,77.8,2025-08-02
STU-0499,Kavya Mukherjee,2024 · Term 1,Computer Science,4,6.47,0,72.63499999999999,49.44875,82.40375,88.0075,38.980000000000004,62.262499999999996,63.1,2025-08-11
STU-0499,Kavya Mukherjee,2024 · Term 2,Computer Science,4,6.31,0,71.945,48.81625,82.00125,87.2025,38.06,61.6875,62.3,2025-08-11
STU-0499,Kavya Mukherjee,2025 · Term 1,Computer Science,4,6.14,2,71.255,48.18375,81.59875,86.3975,37.14,61.1125,61.5,2025-08-11
STU-0499,Kavya Mukherjee,2025 · Term 2,Computer Science,4,5.98,0,70.565,47.55125,81.19624999999999,85.5925,36.22,60.5375,60.8,2025-08-11
STU-0500,Aditya Mukherjee,2024 · Term 1,Mechanical,4,6.57,0,95.6045,69.629125,98.227625,36.755250000000004,50.906000000000006,86.85374999999999,58.2,2025-08-28
STU-0500,Aditya Mukherjee,2024 · Term 2,Mechanical,4,6.43,0,95.00150000000001,69.076375,97.87587500000001,36.051750000000006,50.102000000000004,86.35125,57.5,2025-08-28
STU-0500,Aditya Mukherjee,2025 · Term 1,Mechanical,4,6.29,0,94.3985,68.523625,97.524125,35.34825,49.298,85.84875,56.8,2025-08-28
STU-0500,Aditya Mukherjee,2025 · Term 2,Mechanical,4,6.14,0,93.7955,67.97087499999999,97.172375,34.64475,48.494,85.34625,56.2,2025-08-28
STU-0501,Ananya Mukherjee,2024 · Term 1,Business Analytics,4,7.88,0,65.59,58.3575,51.127500000000005,46.655,36.52,41.325,41.5,2025-08-09
STU-0501,Ananya Mukherjee,2024 · Term 2,Business Analytics,4,8.01,0,66.13000000000001,58.8525,51.4425,47.285000000000004,37.24,41.775,42.1,2025-08-09
STU-0501,Ananya Mukherjee,2025 · Term 1,Business Analytics,4,8.13,0,66.67,59.347500000000004,51.7575,47.915,37.96,42.225,42.7,2025-08-09
STU-0501,Ananya Mukherjee,2025 · Term 2,Business Analytics,4,8.26,0,67.21000000000001,59.8425,52.0725,48.545,38.68,42.675,43.3,2025-08-09
STU-0502,Rhea Mukherjee,2024 · Term 1,Information Technology,4,7.39,0,41.1335,57.847375,31.002875000000003,83.90575,40.077999999999996,90.96124999999999,71.6,2025-08-10
STU-0502,Rhea Mukherjee,2024 · Term 2,Information Technology,4,7.41,0,41.244499999999995,57.949125,31.067625000000003,84.03524999999999,40.226,91.05375,71.8,2025-08-10
STU-0502,Rhea Mukherjee,2025 · Term 1,Information Technology,4,7.44,0,41.3555,58.050875,31.132375,84.16475,40.373999999999995,91.14625,71.9,2025-08-10
STU-0502,Rhea Mukherjee,2025 · Term 2,Information Technology,4,7.47,0,41.466499999999996,58.152625,31.197125,84.29424999999999,40.522,91.23875,72,2025-08-10
STU-0503,Tara Mukherjee,2024 · Term 1,Electronics,4,8.7,0,78.319,47.77575,87.30275,49.8055,54.692,85.63250000000001,63.4,2025-08-19
STU-0503,Tara Mukherjee,2024 · Term 2,Electronics,4,8.99,0,79.57300000000001,48.92525,88.03425,51.2685,56.364000000000004,86.67750000000001,64.8,2025-08-19
STU-0503,Tara Mukherjee,2025 · Term 1,Electronics,4,9.29,0,80.827,50.07475,88.76575000000001,52.7315,58.036,87.7225,66.2,2025-08-19
STU-0503,Tara Mukherjee,2025 · Term 2,Electronics,4,9.58,0,82.081,51.22425,89.49725000000001,54.1945,59.708000000000006,88.7675,67.6,2025-08-19
STU-0504,Kabir Mukherjee,2024 · Term 1,Information Technology,4,8.37,0,56.4465,45.667625,85.052125,77.40424999999999,77.962,47.48875,67.6,2025-08-08
STU-0504,Kabir Mukherjee,2024 · Term 2,Information Technology,4,8.6,0,57.4155,46.555875,85.61737500000001,78.53474999999999,79.254,48.29625,68.7,2025-08-08
STU-0504,Kabir Mukherjee,2025 · Term 1,Information Technology,4,8.83,0,58.384499999999996,47.444125,86.182625,79.66525,80.546,49.103750000000005,69.8,2025-08-08
STU-0504,Kabir Mukherjee,2025 · Term 2,Information Technology,4,9.05,1,59.3535,48.332375,86.74787500000001,80.79575,81.83800000000001,49.91125,70.8,2025-08-08
STU-0505,Esha Mukherjee,2024 · Term 1,Electronics,4,6.24,0,90.532,43.520999999999994,69.377,40.554,36.57599999999999,58.91,45.3,2025-08-17
STU-0505,Esha Mukherjee,2024 · Term 2,Electronics,4,6.03,0,89.644,42.706999999999994,68.859,39.518,35.391999999999996,58.169999999999995,44.4,2025-08-17
STU-0505,Esha Mukherjee,2025 · Term 1,Electronics,4,5.82,1,88.756,41.893,68.341,38.482,34.208,57.43,43.4,2025-08-17
STU-0505,Esha Mukherjee,2025 · Term 2,Electronics,4,5.62,2,87.86800000000001,41.079,67.823,37.446,33.024,56.69,42.4,2025-08-17
STU-0506,Arjun Mukherjee,2024 · Term 1,Civil Engineering,4,5.75,2,33.875499999999995,97.010875,50.252375,59.40475,62.734,48.14625,56.8,2025-08-18
STU-0506,Arjun Mukherjee,2024 · Term 2,Civil Engineering,4,5.44,0,32.558499999999995,95.803625,49.484125,57.86825,60.978,47.04875,55.3,2025-08-18
STU-0506,Arjun Mukherjee,2025 · Term 1,Civil Engineering,4,5.13,1,31.2415,94.59637500000001,48.715875000000004,56.33175,59.222,45.95125,53.8,2025-08-18
STU-0506,Arjun Mukherjee,2025 · Term 2,Civil Engineering,4,4.82,2,29.9245,93.389125,47.947625,54.79525,57.466,44.85375,52.4,2025-08-18
STU-0507,Rohan Mukherjee,2024 · Term 1,Computer Science,4,7.06,0,55.061,51.13925,88.35225,89.50450000000001,79.948,83.8175,84.4,2025-08-27
STU-0507,Rohan Mukherjee,2024 · Term 2,Computer Science,4,7.02,0,54.887,50.979749999999996,88.25075,89.3015,79.716,83.6725,84.2,2025-08-27
STU-0507,Rohan Mukherjee,2025 · Term 1,Computer Science,4,6.98,0,54.712999999999994,50.82025,88.14925000000001,89.0985,79.484,83.52749999999999,84,2025-08-27
STU-0507,Rohan Mukherjee,2025 · Term 2,Computer Science,4,6.94,0,54.538999999999994,50.66075,88.04775000000001,88.8955,79.252,83.3825,83.8,2025-08-27
STU-0508,Yash Mukherjee,2024 · Term 1,Civil Engineering,4,6.73,0,64.1885,97.831125,53.501625000000004,43.103249999999996,47.818,40.873749999999994,43.9,2025-08-16
STU-0508,Yash Mukherjee,2024 · Term 2,Civil Engineering,4,6.63,0,63.7295,97.410375,53.233875000000005,42.56775,47.205999999999996,40.491249999999994,43.4,2025-08-16
STU-0508,Yash Mukherjee,2025 · Term 1,Civil Engineering,4,6.52,0,63.2705,96.989625,52.966125,42.03225,46.594,40.10875,42.9,2025-08-16
STU-0508,Yash Mukherjee,2025 · Term 2,Civil Engineering,4,6.41,0,62.8115,96.568875,52.698375,41.49675,45.982,39.72625,42.4,2025-08-16
STU-0509,Meera Mukherjee,2024 · Term 1,Computer Science,4,8.05,0,62.974,84.7595,54.0015,51.202999999999996,77.232,33.945,54.1,2025-08-25
STU-0509,Meera Mukherjee,2024 · Term 2,Computer Science,4,8.21,1,63.658,85.3865,54.4005,52.001,78.14399999999999,34.515,54.9,2025-08-25
STU-0509,Meera Mukherjee,2025 · Term 1,Computer Science,4,8.37,0,64.342,86.01350000000001,54.7995,52.799,79.056,35.084999999999994,55.6,2025-08-25
STU-0509,Meera Mukherjee,2025 · Term 2,Computer Science,4,8.53,0,65.026,86.6405,55.1985,53.597,79.96799999999999,35.654999999999994,56.4,2025-08-25
STU-0510,Kiran Mukherjee,2024 · Term 1,Computer Science,4,6.43,0,98.689,41.69825,97.23525,54.070499999999996,42.251999999999995,41.707499999999996,46,2025-08-19
STU-0510,Kiran Mukherjee,2024 · Term 2,Computer Science,4,6.26,0,97.963,41.03275,96.81174999999999,53.223499999999994,41.284,41.1025,45.2,2025-08-19
STU-0510,Kiran Mukherjee,2025 · Term 1,Computer Science,4,6.09,2,97.237,40.367250000000006,96.38825,52.3765,40.315999999999995,40.497499999999995,44.4,2025-08-19
STU-0510,Kiran Mukherjee,2025 · Term 2,Computer Science,4,5.92,0,96.511,39.701750000000004,95.96475,51.5295,39.348,39.8925,43.6,2025-08-19
STU-0511,Avani Mukherjee,2024 · Term 1,Civil Engineering,4,8.56,0,80.0035,48.844875,30.510375,82.92075000000001,51.438,65.08625,66.5,2025-08-10
STU-0511,Avani Mukherjee,2024 · Term 2,Civil Engineering,4,8.82,0,81.1345,49.881625,31.170125,84.24025,52.946000000000005,66.02875,67.7,2025-08-10
STU-0511,Avani Mukherjee,2025 · Term 1,Civil Engineering,4,9.09,0,82.2655,50.918375,31.829875,85.55975000000001,54.454,66.97125,69,2025-08-10
STU-0511,Avani Mukherjee,2025 · Term 2,Civil Engineering,4,9.35,0,83.3965,51.955124999999995,32.489625,86.87925,55.962,67.91375,70.3,2025-08-10
STU-0512,Saanvi Mukherjee,2024 · Term 1,Electronics,4,5.6,2,59.16,33.48,97.26,45.519999999999996,43.68,95.2,61.5,2025-08-09
STU-0512,Saanvi Mukherjee,2024 · Term 2,Electronics,4,5.27,0,57.72,32.16,96.42,43.84,41.76,94,59.9,2025-08-09
STU-0512,Saanvi Mukherjee,2025 · Term 1,Electronics,4,4.93,1,56.28,30.84,95.58,42.16,39.839999999999996,92.80000000000001,58.3,2025-08-09
STU-0512,Saanvi Mukherjee,2025 · Term 2,Electronics,4,4.6,2,54.84,29.52,94.74,40.480000000000004,37.919999999999995,91.60000000000001,56.7,2025-08-09
